solid 
 facet normal  9.999060e-01  1.371334e-02  0.000000e+00
   outer loop
     vertex  2.369906e+02  6.856027e-01  5.000000e+02
     vertex  2.370000e+02 -6.123234e-15  5.000000e+02
     vertex  2.370000e+02 -6.123234e-15  2.800000e+02
   endloop
 endfacet
 facet normal  9.999059e-01  1.371831e-02 -1.549694e-08
   outer loop
     vertex  2.369906e+02  6.856027e-01  5.000000e+02
     vertex  2.370000e+02 -6.123234e-15  2.800000e+02
     vertex  2.369906e+02  6.858512e-01  2.800000e+02
   endloop
 endfacet
 facet normal  9.991532e-01  4.114462e-02 -3.098265e-08
   outer loop
     vertex  2.369624e+02  1.370690e+00  5.000000e+02
     vertex  2.369906e+02  6.858512e-01  2.800000e+02
     vertex  2.369624e+02  1.371186e+00  2.800000e+02
   endloop
 endfacet
 facet normal  9.991538e-01  4.112971e-02  1.549133e-08
   outer loop
     vertex  2.369624e+02  1.370690e+00  5.000000e+02
     vertex  2.369906e+02  6.856027e-01  5.000000e+02
     vertex  2.369906e+02  6.858512e-01  2.800000e+02
   endloop
 endfacet
 facet normal  9.976484e-01  6.853995e-02 -4.645712e-08
   outer loop
     vertex  2.369154e+02  2.054746e+00  5.000000e+02
     vertex  2.369624e+02  1.371186e+00  2.800000e+02
     vertex  2.369154e+02  2.055489e+00  2.800000e+02
   endloop
 endfacet
 facet normal  9.976501e-01  6.851515e-02  3.097141e-08
   outer loop
     vertex  2.369154e+02  2.054746e+00  5.000000e+02
     vertex  2.369624e+02  1.370690e+00  5.000000e+02
     vertex  2.369624e+02  1.371186e+00  2.800000e+02
   endloop
 endfacet
 facet normal  9.953925e-01  9.588368e-02 -6.192035e-08
   outer loop
     vertex  2.368497e+02  2.737256e+00  5.000000e+02
     vertex  2.369154e+02  2.055489e+00  2.800000e+02
     vertex  2.368496e+02  2.738244e+00  2.800000e+02
   endloop
 endfacet
 facet normal  9.953959e-01  9.584904e-02  4.644027e-08
   outer loop
     vertex  2.368497e+02  2.737256e+00  5.000000e+02
     vertex  2.369154e+02  2.054746e+00  5.000000e+02
     vertex  2.369154e+02  2.055489e+00  2.800000e+02
   endloop
 endfacet
 facet normal  9.923874e-01  1.231552e-01 -7.737235e-08
   outer loop
     vertex  2.367653e+02  3.417707e+00  5.000000e+02
     vertex  2.368496e+02  2.738244e+00  2.800000e+02
     vertex  2.367651e+02  3.418938e+00  2.800000e+02
   endloop
 endfacet
 facet normal  9.923929e-01  1.231108e-01  6.189788e-08
   outer loop
     vertex  2.367653e+02  3.417707e+00  5.000000e+02
     vertex  2.368497e+02  2.737256e+00  5.000000e+02
     vertex  2.368496e+02  2.738244e+00  2.800000e+02
   endloop
 endfacet
 facet normal  9.886353e-01  1.503341e-01 -9.281311e-08
   outer loop
     vertex  2.366622e+02  4.095587e+00  5.000000e+02
     vertex  2.367651e+02  3.418938e+00  2.800000e+02
     vertex  2.366620e+02  4.097059e+00  2.800000e+02
   endloop
 endfacet
 facet normal  9.886435e-01  1.502800e-01  7.734426e-08
   outer loop
     vertex  2.366622e+02  4.095587e+00  5.000000e+02
     vertex  2.367653e+02  3.417707e+00  5.000000e+02
     vertex  2.367651e+02  3.418938e+00  2.800000e+02
   endloop
 endfacet
 facet normal  9.841389e-01  1.773998e-01 -1.082426e-07
   outer loop
     vertex  2.365406e+02  4.770387e+00  5.000000e+02
     vertex  2.366620e+02  4.097059e+00  2.800000e+02
     vertex  2.365403e+02  4.772095e+00  2.800000e+02
   endloop
 endfacet
 facet normal  9.841503e-01  1.773362e-01  9.277940e-08
   outer loop
     vertex  2.365406e+02  4.770387e+00  5.000000e+02
     vertex  2.366622e+02  4.095587e+00  5.000000e+02
     vertex  2.366620e+02  4.097059e+00  2.800000e+02
   endloop
 endfacet
 facet normal  9.789017e-01  2.043319e-01 -1.236609e-07
   outer loop
     vertex  2.364006e+02  5.441598e+00  5.000000e+02
     vertex  2.365403e+02  4.772095e+00  2.800000e+02
     vertex  2.364002e+02  5.443539e+00  2.800000e+02
   endloop
 endfacet
 facet normal  9.789169e-01  2.042589e-01  1.082033e-07
   outer loop
     vertex  2.364006e+02  5.441598e+00  5.000000e+02
     vertex  2.365406e+02  4.770387e+00  5.000000e+02
     vertex  2.365403e+02  4.772095e+00  2.800000e+02
   endloop
 endfacet
 facet normal  9.729276e-01  2.311102e-01 -1.390680e-07
   outer loop
     vertex  2.362422e+02  6.108716e+00  5.000000e+02
     vertex  2.364002e+02  5.443539e+00  2.800000e+02
     vertex  2.362416e+02  6.110886e+00  2.800000e+02
   endloop
 endfacet
 facet normal  9.729471e-01  2.310280e-01  1.236160e-07
   outer loop
     vertex  2.362422e+02  6.108716e+00  5.000000e+02
     vertex  2.364006e+02  5.441598e+00  5.000000e+02
     vertex  2.364002e+02  5.443539e+00  2.800000e+02
   endloop
 endfacet
 facet normal  9.662454e-01  2.576233e-01  1.390174e-07
   outer loop
     vertex  2.360655e+02  6.771239e+00  5.000000e+02
     vertex  2.362422e+02  6.108716e+00  5.000000e+02
     vertex  2.362416e+02  6.110886e+00  2.800000e+02
   endloop
 endfacet
 facet normal  9.662211e-01  2.577146e-01 -1.544638e-07
   outer loop
     vertex  2.360655e+02  6.771239e+00  5.000000e+02
     vertex  2.362416e+02  6.110886e+00  2.800000e+02
     vertex  2.360649e+02  6.773632e+00  2.800000e+02
   endloop
 endfacet
 facet normal  9.588169e-01  2.840248e-01  1.544076e-07
   outer loop
     vertex  2.358708e+02  7.428668e+00  5.000000e+02
     vertex  2.360655e+02  6.771239e+00  5.000000e+02
     vertex  2.360649e+02  6.773632e+00  2.800000e+02
   endloop
 endfacet
 facet normal  9.587873e-01  2.841250e-01 -1.698484e-07
   outer loop
     vertex  2.358708e+02  7.428668e+00  5.000000e+02
     vertex  2.360649e+02  6.773632e+00  2.800000e+02
     vertex  2.358700e+02  7.431279e+00  2.800000e+02
   endloop
 endfacet
 facet normal  9.506672e-01  3.102127e-01  1.697866e-07
   outer loop
     vertex  2.356581e+02  8.080509e+00  5.000000e+02
     vertex  2.358708e+02  7.428668e+00  5.000000e+02
     vertex  2.358700e+02  7.431279e+00  2.800000e+02
   endloop
 endfacet
 facet normal  9.506317e-01  3.103214e-01 -1.852217e-07
   outer loop
     vertex  2.356581e+02  8.080509e+00  5.000000e+02
     vertex  2.358700e+02  7.431279e+00  2.800000e+02
     vertex  2.356571e+02  8.083332e+00  2.800000e+02
   endloop
 endfacet
 facet normal  9.418023e-01  3.361672e-01  1.851543e-07
   outer loop
     vertex  2.354276e+02  8.726272e+00  5.000000e+02
     vertex  2.356581e+02  8.080509e+00  5.000000e+02
     vertex  2.356571e+02  8.083332e+00  2.800000e+02
   endloop
 endfacet
 facet normal  9.417605e-01  3.362843e-01 -2.005838e-07
   outer loop
     vertex  2.354276e+02  8.726272e+00  5.000000e+02
     vertex  2.356571e+02  8.083332e+00  2.800000e+02
     vertex  2.354265e+02  8.729301e+00  2.800000e+02
   endloop
 endfacet
 facet normal  9.322290e-01  3.618689e-01  2.005108e-07
   outer loop
     vertex  2.351795e+02  9.365471e+00  5.000000e+02
     vertex  2.354276e+02  8.726272e+00  5.000000e+02
     vertex  2.354265e+02  8.729301e+00  2.800000e+02
   endloop
 endfacet
 facet normal  9.321804e-01  3.619940e-01 -2.159347e-07
   outer loop
     vertex  2.351795e+02  9.365471e+00  5.000000e+02
     vertex  2.354265e+02  8.729301e+00  2.800000e+02
     vertex  2.351782e+02  9.368698e+00  2.800000e+02
   endloop
 endfacet
 facet normal  9.219544e-01  3.872983e-01  2.158560e-07
   outer loop
     vertex  2.349139e+02  9.997625e+00  5.000000e+02
     vertex  2.351795e+02  9.365471e+00  5.000000e+02
     vertex  2.351782e+02  9.368698e+00  2.800000e+02
   endloop
 endfacet
 facet normal  9.218986e-01  3.874313e-01 -2.312743e-07
   outer loop
     vertex  2.349139e+02  9.997625e+00  5.000000e+02
     vertex  2.351782e+02  9.368698e+00  2.800000e+02
     vertex  2.349124e+02  1.000104e+01  2.800000e+02
   endloop
 endfacet
 facet normal  9.109864e-01  4.124364e-01  2.311900e-07
   outer loop
     vertex  2.346311e+02  1.062226e+01  5.000000e+02
     vertex  2.349139e+02  9.997625e+00  5.000000e+02
     vertex  2.349124e+02  1.000104e+01  2.800000e+02
   endloop
 endfacet
 facet normal  9.109228e-01  4.125769e-01 -2.466027e-07
   outer loop
     vertex  2.346311e+02  1.062226e+01  5.000000e+02
     vertex  2.349124e+02  1.000104e+01  2.800000e+02
     vertex  2.346294e+02  1.062586e+01  2.800000e+02
   endloop
 endfacet
 facet normal  8.993330e-01  4.372643e-01  2.465128e-07
   outer loop
     vertex  2.343313e+02  1.123890e+01  5.000000e+02
     vertex  2.346311e+02  1.062226e+01  5.000000e+02
     vertex  2.346294e+02  1.062586e+01  2.800000e+02
   endloop
 endfacet
 facet normal  8.992613e-01  4.374119e-01 -2.619198e-07
   outer loop
     vertex  2.343313e+02  1.123890e+01  5.000000e+02
     vertex  2.346294e+02  1.062586e+01  2.800000e+02
     vertex  2.343294e+02  1.124268e+01  2.800000e+02
   endloop
 endfacet
 facet normal  8.870032e-01  4.617633e-01  2.618243e-07
   outer loop
     vertex  2.340147e+02  1.184709e+01  5.000000e+02
     vertex  2.343313e+02  1.123890e+01  5.000000e+02
     vertex  2.343294e+02  1.124268e+01  2.800000e+02
   endloop
 endfacet
 facet normal  8.869228e-01  4.619176e-01 -2.772257e-07
   outer loop
     vertex  2.340147e+02  1.184709e+01  5.000000e+02
     vertex  2.343294e+02  1.124268e+01  2.800000e+02
     vertex  2.340126e+02  1.185103e+01  2.800000e+02
   endloop
 endfacet
 facet normal  8.740062e-01  4.859149e-01  2.771246e-07
   outer loop
     vertex  2.336815e+02  1.244637e+01  5.000000e+02
     vertex  2.340147e+02  1.184709e+01  5.000000e+02
     vertex  2.340126e+02  1.185103e+01  2.800000e+02
   endloop
 endfacet
 facet normal  8.739167e-01  4.860756e-01 -2.925204e-07
   outer loop
     vertex  2.336815e+02  1.244637e+01  5.000000e+02
     vertex  2.340126e+02  1.185103e+01  2.800000e+02
     vertex  2.336792e+02  1.245046e+01  2.800000e+02
   endloop
 endfacet
 facet normal  8.603516e-01  5.097009e-01  2.924137e-07
   outer loop
     vertex  2.333320e+02  1.303628e+01  5.000000e+02
     vertex  2.336815e+02  1.244637e+01  5.000000e+02
     vertex  2.336792e+02  1.245046e+01  2.800000e+02
   endloop
 endfacet
 facet normal  8.602528e-01  5.098678e-01 -3.078039e-07
   outer loop
     vertex  2.333320e+02  1.303628e+01  5.000000e+02
     vertex  2.336792e+02  1.245046e+01  2.800000e+02
     vertex  2.333294e+02  1.304053e+01  2.800000e+02
   endloop
 endfacet
 facet normal  8.460500e-01  5.331036e-01  3.076915e-07
   outer loop
     vertex  2.329665e+02  1.361639e+01  5.000000e+02
     vertex  2.333320e+02  1.303628e+01  5.000000e+02
     vertex  2.333294e+02  1.304053e+01  2.800000e+02
   endloop
 endfacet
 facet normal  8.459413e-01  5.332761e-01 -3.230761e-07
   outer loop
     vertex  2.329665e+02  1.361639e+01  5.000000e+02
     vertex  2.333294e+02  1.304053e+01  2.800000e+02
     vertex  2.329637e+02  1.362077e+01  2.800000e+02
   endloop
 endfacet
 facet normal  8.311119e-01  5.561053e-01  3.229581e-07
   outer loop
     vertex  2.325852e+02  1.418626e+01  5.000000e+02
     vertex  2.329665e+02  1.361639e+01  5.000000e+02
     vertex  2.329637e+02  1.362077e+01  2.800000e+02
   endloop
 endfacet
 facet normal  8.309929e-01  5.562829e-01 -3.383370e-07
   outer loop
     vertex  2.325852e+02  1.418626e+01  5.000000e+02
     vertex  2.329637e+02  1.362077e+01  2.800000e+02
     vertex  2.325821e+02  1.419076e+01  2.800000e+02
   endloop
 endfacet
 facet normal  8.154191e-01  5.788711e-01 -3.535868e-07
   outer loop
     vertex  2.321884e+02  1.474545e+01  5.000000e+02
     vertex  2.325821e+02  1.419076e+01  2.800000e+02
     vertex  2.321850e+02  1.475007e+01  2.800000e+02
   endloop
 endfacet
 facet normal  8.155486e-01  5.786886e-01  3.382134e-07
   outer loop
     vertex  2.321884e+02  1.474545e+01  5.000000e+02
     vertex  2.325852e+02  1.418626e+01  5.000000e+02
     vertex  2.325821e+02  1.419076e+01  2.800000e+02
   endloop
 endfacet
 facet normal  7.992314e-01  6.010234e-01 -3.688253e-07
   outer loop
     vertex  2.317764e+02  1.529356e+01  5.000000e+02
     vertex  2.321850e+02  1.475007e+01  2.800000e+02
     vertex  2.317728e+02  1.529827e+01  2.800000e+02
   endloop
 endfacet
 facet normal  7.993718e-01  6.008366e-01  3.534575e-07
   outer loop
     vertex  2.317764e+02  1.529356e+01  5.000000e+02
     vertex  2.321884e+02  1.474545e+01  5.000000e+02
     vertex  2.321850e+02  1.475007e+01  2.800000e+02
   endloop
 endfacet
 facet normal  7.824421e-01  6.227234e-01 -3.840525e-07
   outer loop
     vertex  2.313496e+02  1.583015e+01  5.000000e+02
     vertex  2.317728e+02  1.529827e+01  2.800000e+02
     vertex  2.313456e+02  1.583496e+01  2.800000e+02
   endloop
 endfacet
 facet normal  7.825938e-01  6.225327e-01  3.686904e-07
   outer loop
     vertex  2.313496e+02  1.583015e+01  5.000000e+02
     vertex  2.317764e+02  1.529356e+01  5.000000e+02
     vertex  2.317728e+02  1.529827e+01  2.800000e+02
   endloop
 endfacet
 facet normal  7.650637e-01  6.439545e-01 -3.992685e-07
   outer loop
     vertex  2.309082e+02  1.635485e+01  5.000000e+02
     vertex  2.313456e+02  1.583496e+01  2.800000e+02
     vertex  2.309039e+02  1.635973e+01  2.800000e+02
   endloop
 endfacet
 facet normal  7.652270e-01  6.437605e-01  3.839121e-07
   outer loop
     vertex  2.309082e+02  1.635485e+01  5.000000e+02
     vertex  2.313496e+02  1.583015e+01  5.000000e+02
     vertex  2.313456e+02  1.583496e+01  2.800000e+02
   endloop
 endfacet
 facet normal  7.471095e-01  6.647010e-01 -4.144733e-07
   outer loop
     vertex  2.304525e+02  1.686723e+01  5.000000e+02
     vertex  2.309039e+02  1.635973e+01  2.800000e+02
     vertex  2.304480e+02  1.687219e+01  2.800000e+02
   endloop
 endfacet
 facet normal  7.472847e-01  6.645041e-01  3.991225e-07
   outer loop
     vertex  2.304525e+02  1.686723e+01  5.000000e+02
     vertex  2.309082e+02  1.635485e+01  5.000000e+02
     vertex  2.309039e+02  1.635973e+01  2.800000e+02
   endloop
 endfacet
 facet normal  7.285929e-01  6.849470e-01 -4.296669e-07
   outer loop
     vertex  2.299830e+02  1.736693e+01  5.000000e+02
     vertex  2.304480e+02  1.687219e+01  2.800000e+02
     vertex  2.299782e+02  1.737194e+01  2.800000e+02
   endloop
 endfacet
 facet normal  7.287802e-01  6.847477e-01  4.143216e-07
   outer loop
     vertex  2.299830e+02  1.736693e+01  5.000000e+02
     vertex  2.304525e+02  1.686723e+01  5.000000e+02
     vertex  2.304480e+02  1.687219e+01  2.800000e+02
   endloop
 endfacet
 facet normal  7.095278e-01  7.046775e-01 -4.832929e-07
   outer loop
     vertex  2.295000e+02  1.785357e+01  4.825000e+02
     vertex  2.299782e+02  1.737194e+01  2.800000e+02
     vertex  2.294949e+02  1.785862e+01  2.800000e+02
   endloop
 endfacet
 facet normal  7.097197e-01  7.044841e-01  4.298567e-07
   outer loop
     vertex  2.295000e+02  1.785357e+01  4.825000e+02
     vertex  2.299830e+02  1.736693e+01  5.000000e+02
     vertex  2.299782e+02  1.737194e+01  2.800000e+02
   endloop
 endfacet
 facet normal  7.097275e-01  7.044764e-01  0.000000e+00
   outer loop
     vertex  2.295000e+02  1.785357e+01  5.000000e+02
     vertex  2.299830e+02  1.736693e+01  5.000000e+02
     vertex  2.295000e+02  1.785357e+01  4.825000e+02
   endloop
 endfacet
 facet normal  6.899286e-01  7.238775e-01 -8.622858e-07
   outer loop
     vertex  2.290078e+02  1.832303e+01  4.825000e+02
     vertex  2.294949e+02  1.785862e+01  2.800000e+02
     vertex  2.289983e+02  1.833185e+01  2.800000e+02
   endloop
 endfacet
 facet normal  6.902207e-01  7.235989e-01  4.791889e-07
   outer loop
     vertex  2.290078e+02  1.832303e+01  4.825000e+02
     vertex  2.295000e+02  1.785357e+01  4.825000e+02
     vertex  2.294949e+02  1.785862e+01  2.800000e+02
   endloop
 endfacet
 facet normal  6.698100e-01  7.425325e-01 -1.234716e-06
   outer loop
     vertex  2.285031e+02  1.877892e+01  4.825000e+02
     vertex  2.289983e+02  1.833185e+01  2.800000e+02
     vertex  2.284890e+02  1.879128e+01  2.800000e+02
   endloop
 endfacet
 facet normal  6.702808e-01  7.421076e-01  8.549006e-07
   outer loop
     vertex  2.285031e+02  1.877892e+01  4.825000e+02
     vertex  2.290078e+02  1.832303e+01  4.825000e+02
     vertex  2.289983e+02  1.833185e+01  2.800000e+02
   endloop
 endfacet
 facet normal  6.491872e-01  7.606287e-01 -1.600585e-06
   outer loop
     vertex  2.279861e+02  1.922091e+01  4.825000e+02
     vertex  2.284890e+02  1.879128e+01  2.800000e+02
     vertex  2.279673e+02  1.923657e+01  2.800000e+02
   endloop
 endfacet
 facet normal  6.498448e-01  7.600670e-01  1.224050e-06
   outer loop
     vertex  2.279861e+02  1.922091e+01  4.825000e+02
     vertex  2.285031e+02  1.877892e+01  4.825000e+02
     vertex  2.284890e+02  1.879128e+01  2.800000e+02
   endloop
 endfacet
 facet normal  6.280757e-01  7.781522e-01 -1.959891e-06
   outer loop
     vertex  2.274573e+02  1.964868e+01  4.825000e+02
     vertex  2.279673e+02  1.923657e+01  2.800000e+02
     vertex  2.274335e+02  1.966738e+01  2.800000e+02
   endloop
 endfacet
 facet normal  6.289277e-01  7.774638e-01  1.586638e-06
   outer loop
     vertex  2.274573e+02  1.964868e+01  4.825000e+02
     vertex  2.279861e+02  1.922091e+01  4.825000e+02
     vertex  2.279673e+02  1.923657e+01  2.800000e+02
   endloop
 endfacet
 facet normal  6.075452e-01  7.942851e-01  1.942663e-06
   outer loop
     vertex  2.269171e+02  2.006190e+01  4.825000e+02
     vertex  2.274573e+02  1.964868e+01  4.825000e+02
     vertex  2.274335e+02  1.966738e+01  2.800000e+02
   endloop
 endfacet
 facet normal  6.064915e-01  7.950900e-01 -2.312635e-06
   outer loop
     vertex  2.269171e+02  2.006190e+01  4.825000e+02
     vertex  2.274335e+02  1.966738e+01  2.800000e+02
     vertex  2.268882e+02  2.008338e+01  2.800000e+02
   endloop
 endfacet
 facet normal  5.857129e-01  8.105186e-01  2.292126e-06
   outer loop
     vertex  2.263658e+02  2.046028e+01  4.825000e+02
     vertex  2.269171e+02  2.006190e+01  4.825000e+02
     vertex  2.268882e+02  2.008338e+01  2.800000e+02
   endloop
 endfacet
 facet normal  5.844507e-01  8.114292e-01 -2.658817e-06
   outer loop
     vertex  2.263658e+02  2.046028e+01  4.825000e+02
     vertex  2.268882e+02  2.008338e+01  2.800000e+02
     vertex  2.263316e+02  2.048426e+01  2.800000e+02
   endloop
 endfacet
 facet normal  5.634472e-01  8.261521e-01  2.635026e-06
   outer loop
     vertex  2.258039e+02  2.084351e+01  4.825000e+02
     vertex  2.263658e+02  2.046028e+01  4.825000e+02
     vertex  2.263316e+02  2.048426e+01  2.800000e+02
   endloop
 endfacet
 facet normal  5.619699e-01  8.271577e-01 -2.998436e-06
   outer loop
     vertex  2.258039e+02  2.084351e+01  4.825000e+02
     vertex  2.263316e+02  2.048426e+01  2.800000e+02
     vertex  2.257642e+02  2.086973e+01  2.800000e+02
   endloop
 endfacet
 facet normal  5.407644e-01  8.411741e-01  2.971365e-06
   outer loop
     vertex  2.252318e+02  2.121131e+01  4.825000e+02
     vertex  2.258039e+02  2.084351e+01  4.825000e+02
     vertex  2.257642e+02  2.086973e+01  2.800000e+02
   endloop
 endfacet
 facet normal  5.390661e-01  8.422635e-01 -3.331494e-06
   outer loop
     vertex  2.252318e+02  2.121131e+01  4.825000e+02
     vertex  2.257642e+02  2.086973e+01  2.800000e+02
     vertex  2.251865e+02  2.123948e+01  2.800000e+02
   endloop
 endfacet
 facet normal  5.176813e-01  8.555735e-01  3.301141e-06
   outer loop
     vertex  2.246499e+02  2.156341e+01  4.825000e+02
     vertex  2.252318e+02  2.121131e+01  4.825000e+02
     vertex  2.251865e+02  2.123948e+01  2.800000e+02
   endloop
 endfacet
 facet normal  5.157565e-01  8.567352e-01 -3.657989e-06
   outer loop
     vertex  2.246499e+02  2.156341e+01  4.825000e+02
     vertex  2.251865e+02  2.123948e+01  2.800000e+02
     vertex  2.245989e+02  2.159325e+01  2.800000e+02
   endloop
 endfacet
 facet normal  4.942150e-01  8.693397e-01  3.624354e-06
   outer loop
     vertex  2.240586e+02  2.189955e+01  4.825000e+02
     vertex  2.246499e+02  2.156341e+01  4.825000e+02
     vertex  2.245989e+02  2.159325e+01  2.800000e+02
   endloop
 endfacet
 facet normal  4.920587e-01  8.705620e-01 -3.977921e-06
   outer loop
     vertex  2.240586e+02  2.189955e+01  4.825000e+02
     vertex  2.245989e+02  2.159325e+01  2.800000e+02
     vertex  2.240017e+02  2.193076e+01  2.800000e+02
   endloop
 endfacet
 facet normal  4.703830e-01  8.824624e-01  3.941006e-06
   outer loop
     vertex  2.234584e+02  2.221948e+01  4.825000e+02
     vertex  2.240586e+02  2.189955e+01  4.825000e+02
     vertex  2.240017e+02  2.193076e+01  2.800000e+02
   endloop
 endfacet
 facet normal  4.679904e-01  8.837335e-01 -4.291291e-06
   outer loop
     vertex  2.234584e+02  2.221948e+01  4.825000e+02
     vertex  2.240017e+02  2.193076e+01  2.800000e+02
     vertex  2.233956e+02  2.225176e+01  2.800000e+02
   endloop
 endfacet
 facet normal  4.462028e-01  8.949319e-01  4.251095e-06
   outer loop
     vertex  2.228497e+02  2.252297e+01  4.825000e+02
     vertex  2.234584e+02  2.221948e+01  4.825000e+02
     vertex  2.233956e+02  2.225176e+01  2.800000e+02
   endloop
 endfacet
 facet normal  4.435699e-01  8.962398e-01 -4.598099e-06
   outer loop
     vertex  2.228497e+02  2.252297e+01  4.825000e+02
     vertex  2.233956e+02  2.225176e+01  2.800000e+02
     vertex  2.227808e+02  2.255601e+01  2.800000e+02
   endloop
 endfacet
 facet normal  4.216923e-01  9.067390e-01  4.554622e-06
   outer loop
     vertex  2.222330e+02  2.280978e+01  4.825000e+02
     vertex  2.228497e+02  2.252297e+01  4.825000e+02
     vertex  2.227808e+02  2.255601e+01  2.800000e+02
   endloop
 endfacet
 facet normal  4.188155e-01  9.080714e-01 -4.898345e-06
   outer loop
     vertex  2.222330e+02  2.280978e+01  4.825000e+02
     vertex  2.227808e+02  2.255601e+01  2.800000e+02
     vertex  2.221580e+02  2.284328e+01  2.800000e+02
   endloop
 endfacet
 facet normal  3.968697e-01  9.178750e-01  4.851586e-06
   outer loop
     vertex  2.216087e+02  2.307972e+01  4.825000e+02
     vertex  2.222330e+02  2.280978e+01  4.825000e+02
     vertex  2.221580e+02  2.284328e+01  2.800000e+02
   endloop
 endfacet
 facet normal  3.937458e-01  9.192194e-01 -5.192028e-06
   outer loop
     vertex  2.216087e+02  2.307972e+01  4.825000e+02
     vertex  2.221580e+02  2.284328e+01  2.800000e+02
     vertex  2.215275e+02  2.311336e+01  2.800000e+02
   endloop
 endfacet
 facet normal  3.717533e-01  9.283315e-01  5.141988e-06
   outer loop
     vertex  2.209773e+02  2.333257e+01  4.825000e+02
     vertex  2.216087e+02  2.307972e+01  4.825000e+02
     vertex  2.215275e+02  2.311336e+01  2.800000e+02
   endloop
 endfacet
 facet normal  3.683796e-01  9.296754e-01 -5.479149e-06
   outer loop
     vertex  2.209773e+02  2.333257e+01  4.825000e+02
     vertex  2.215275e+02  2.311336e+01  2.800000e+02
     vertex  2.208898e+02  2.336604e+01  2.800000e+02
   endloop
 endfacet
 facet normal  3.463618e-01  9.381010e-01  5.425827e-06
   outer loop
     vertex  2.203392e+02  2.356814e+01  4.825000e+02
     vertex  2.209773e+02  2.333257e+01  4.825000e+02
     vertex  2.208898e+02  2.336604e+01  2.800000e+02
   endloop
 endfacet
 facet normal  3.427362e-01  9.394317e-01 -5.759707e-06
   outer loop
     vertex  2.203392e+02  2.356814e+01  4.825000e+02
     vertex  2.208898e+02  2.336604e+01  2.800000e+02
     vertex  2.202454e+02  2.360113e+01  2.800000e+02
   endloop
 endfacet
 facet normal  3.207139e-01  9.471761e-01  5.703104e-06
   outer loop
     vertex  2.196950e+02  2.378628e+01  4.825000e+02
     vertex  2.203392e+02  2.356814e+01  4.825000e+02
     vertex  2.202454e+02  2.360113e+01  2.800000e+02
   endloop
 endfacet
 facet normal  3.168348e-01  9.484807e-01 -6.033703e-06
   outer loop
     vertex  2.196950e+02  2.378628e+01  4.825000e+02
     vertex  2.202454e+02  2.360113e+01  2.800000e+02
     vertex  2.195948e+02  2.381845e+01  2.800000e+02
   endloop
 endfacet
 facet normal  2.948287e-01  9.555501e-01  5.973819e-06
   outer loop
     vertex  2.190451e+02  2.398681e+01  4.825000e+02
     vertex  2.196950e+02  2.378628e+01  4.825000e+02
     vertex  2.195948e+02  2.381845e+01  2.800000e+02
   endloop
 endfacet
 facet normal  2.906949e-01  9.568158e-01 -6.301136e-06
   outer loop
     vertex  2.190451e+02  2.398681e+01  4.825000e+02
     vertex  2.195948e+02  2.381845e+01  2.800000e+02
     vertex  2.189385e+02  2.401784e+01  2.800000e+02
   endloop
 endfacet
 facet normal  2.687252e-01  9.632169e-01  6.237971e-06
   outer loop
     vertex  2.183899e+02  2.416958e+01  4.825000e+02
     vertex  2.190451e+02  2.398681e+01  4.825000e+02
     vertex  2.189385e+02  2.401784e+01  2.800000e+02
   endloop
 endfacet
 facet normal  2.643362e-01  9.644306e-01 -6.562007e-06
   outer loop
     vertex  2.183899e+02  2.416958e+01  4.825000e+02
     vertex  2.189385e+02  2.401784e+01  2.800000e+02
     vertex  2.182770e+02  2.419915e+01  2.800000e+02
   endloop
 endfacet
 facet normal  2.424228e-01  9.701707e-01  6.495561e-06
   outer loop
     vertex  2.177301e+02  2.433447e+01  4.825000e+02
     vertex  2.183899e+02  2.416958e+01  4.825000e+02
     vertex  2.182770e+02  2.419915e+01  2.800000e+02
   endloop
 endfacet
 facet normal  2.377784e-01  9.713194e-01 -6.816316e-06
   outer loop
     vertex  2.177301e+02  2.433447e+01  4.825000e+02
     vertex  2.182770e+02  2.419915e+01  2.800000e+02
     vertex  2.176108e+02  2.436225e+01  2.800000e+02
   endloop
 endfacet
 facet normal  2.159410e-01  9.764064e-01  6.746588e-06
   outer loop
     vertex  2.170660e+02  2.448134e+01  4.825000e+02
     vertex  2.177301e+02  2.433447e+01  4.825000e+02
     vertex  2.176108e+02  2.436225e+01  2.800000e+02
   endloop
 endfacet
 facet normal  2.110417e-01  9.774771e-01 -7.064062e-06
   outer loop
     vertex  2.170660e+02  2.448134e+01  4.825000e+02
     vertex  2.176108e+02  2.436225e+01  2.800000e+02
     vertex  2.169403e+02  2.450701e+01  2.800000e+02
   endloop
 endfacet
 facet normal  1.892993e-01  9.819194e-01  6.991053e-06
   outer loop
     vertex  2.163981e+02  2.461009e+01  4.825000e+02
     vertex  2.170660e+02  2.448134e+01  4.825000e+02
     vertex  2.169403e+02  2.450701e+01  2.800000e+02
   endloop
 endfacet
 facet normal  1.841461e-01  9.828989e-01 -7.305245e-06
   outer loop
     vertex  2.163981e+02  2.461009e+01  4.825000e+02
     vertex  2.169403e+02  2.450701e+01  2.800000e+02
     vertex  2.162661e+02  2.463331e+01  2.800000e+02
   endloop
 endfacet
 facet normal  1.625175e-01  9.867057e-01  7.228955e-06
   outer loop
     vertex  2.157270e+02  2.472063e+01  4.825000e+02
     vertex  2.163981e+02  2.461009e+01  4.825000e+02
     vertex  2.162661e+02  2.463331e+01  2.800000e+02
   endloop
 endfacet
 facet normal  1.571119e-01  9.875808e-01 -7.539866e-06
   outer loop
     vertex  2.157270e+02  2.472063e+01  4.825000e+02
     vertex  2.162661e+02  2.463331e+01  2.800000e+02
     vertex  2.155887e+02  2.474108e+01  2.800000e+02
   endloop
 endfacet
 facet normal  1.356155e-01  9.907615e-01  7.460295e-06
   outer loop
     vertex  2.150531e+02  2.481287e+01  4.825000e+02
     vertex  2.157270e+02  2.472063e+01  4.825000e+02
     vertex  2.155887e+02  2.474108e+01  2.800000e+02
   endloop
 endfacet
 facet normal  1.299594e-01  9.915193e-01 -7.767925e-06
   outer loop
     vertex  2.150531e+02  2.481287e+01  4.825000e+02
     vertex  2.155887e+02  2.474108e+01  2.800000e+02
     vertex  2.149086e+02  2.483022e+01  2.800000e+02
   endloop
 endfacet
 facet normal  1.086130e-01  9.940841e-01  7.685072e-06
   outer loop
     vertex  2.143770e+02  2.488674e+01  4.825000e+02
     vertex  2.150531e+02  2.481287e+01  4.825000e+02
     vertex  2.149086e+02  2.483022e+01  2.800000e+02
   endloop
 endfacet
 facet normal  1.027091e-01  9.947114e-01 -7.989421e-06
   outer loop
     vertex  2.143770e+02  2.488674e+01  4.825000e+02
     vertex  2.149086e+02  2.483022e+01  2.800000e+02
     vertex  2.142263e+02  2.490067e+01  2.800000e+02
   endloop
 endfacet
 facet normal  8.153019e-02  9.966709e-01  7.903287e-06
   outer loop
     vertex  2.136991e+02  2.494219e+01  4.825000e+02
     vertex  2.143770e+02  2.488674e+01  4.825000e+02
     vertex  2.142263e+02  2.490067e+01  2.800000e+02
   endloop
 endfacet
 facet normal  7.538152e-02  9.971548e-01 -8.204354e-06
   outer loop
     vertex  2.136991e+02  2.494219e+01  4.825000e+02
     vertex  2.142263e+02  2.490067e+01  2.800000e+02
     vertex  2.135424e+02  2.495238e+01  2.800000e+02
   endloop
 endfacet
 facet normal  4.799716e-02  9.988475e-01 -8.412725e-06
   outer loop
     vertex  2.130200e+02  2.497918e+01  4.825000e+02
     vertex  2.135424e+02  2.495238e+01  2.800000e+02
     vertex  2.128573e+02  2.498530e+01  2.800000e+02
   endloop
 endfacet
 facet normal  5.438701e-02  9.985199e-01  8.114939e-06
   outer loop
     vertex  2.130200e+02  2.497918e+01  4.825000e+02
     vertex  2.136991e+02  2.494219e+01  4.825000e+02
     vertex  2.135424e+02  2.495238e+01  2.800000e+02
   endloop
 endfacet
 facet normal  2.057667e-02  9.997883e-01 -8.614533e-06
   outer loop
     vertex  2.123401e+02  2.499769e+01  4.825000e+02
     vertex  2.128573e+02  2.498530e+01  2.800000e+02
     vertex  2.121715e+02  2.499941e+01  2.800000e+02
   endloop
 endfacet
 facet normal  2.720357e-02  9.996299e-01  8.320028e-06
   outer loop
     vertex  2.123401e+02  2.499769e+01  4.825000e+02
     vertex  2.130200e+02  2.497918e+01  4.825000e+02
     vertex  2.128573e+02  2.498530e+01  2.800000e+02
   endloop
 endfacet
 facet normal -6.859319e-03  9.999765e-01 -8.809778e-06
   outer loop
     vertex  2.116599e+02  2.499769e+01  4.825000e+02
     vertex  2.121715e+02  2.499941e+01  2.800000e+02
     vertex  2.114856e+02  2.499471e+01  2.800000e+02
   endloop
 endfacet
 facet normal -0.000000e+00  1.000000e+00  8.518555e-06
   outer loop
     vertex  2.116599e+02  2.499769e+01  4.825000e+02
     vertex  2.123401e+02  2.499769e+01  4.825000e+02
     vertex  2.121715e+02  2.499941e+01  2.800000e+02
   endloop
 endfacet
 facet normal -3.429014e-02  9.994119e-01 -8.998461e-06
   outer loop
     vertex  2.109800e+02  2.497918e+01  4.825000e+02
     vertex  2.114856e+02  2.499471e+01  2.800000e+02
     vertex  2.108001e+02  2.497119e+01  2.800000e+02
   endloop
 endfacet
 facet normal -2.720357e-02  9.996299e-01  8.710520e-06
   outer loop
     vertex  2.109800e+02  2.497918e+01  4.825000e+02
     vertex  2.116599e+02  2.499769e+01  4.825000e+02
     vertex  2.114856e+02  2.499471e+01  2.800000e+02
   endloop
 endfacet
 facet normal -5.438701e-02  9.985199e-01  8.895921e-06
   outer loop
     vertex  2.103009e+02  2.494219e+01  4.825000e+02
     vertex  2.109800e+02  2.497918e+01  4.825000e+02
     vertex  2.108001e+02  2.497119e+01  2.800000e+02
   endloop
 endfacet
 facet normal -6.169515e-02  9.980950e-01 -9.180582e-06
   outer loop
     vertex  2.103009e+02  2.494219e+01  4.825000e+02
     vertex  2.108001e+02  2.497119e+01  2.800000e+02
     vertex  2.101155e+02  2.492887e+01  2.800000e+02
   endloop
 endfacet
 facet normal -8.153019e-02  9.966709e-01  9.074760e-06
   outer loop
     vertex  2.096230e+02  2.488674e+01  4.825000e+02
     vertex  2.103009e+02  2.494219e+01  4.825000e+02
     vertex  2.101155e+02  2.492887e+01  2.800000e+02
   endloop
 endfacet
 facet normal -8.905371e-02  9.960268e-01 -9.356140e-06
   outer loop
     vertex  2.096230e+02  2.488674e+01  4.825000e+02
     vertex  2.101155e+02  2.492887e+01  2.800000e+02
     vertex  2.094323e+02  2.486779e+01  2.800000e+02
   endloop
 endfacet
 facet normal -1.086130e-01  9.940841e-01  9.247037e-06
   outer loop
     vertex  2.089469e+02  2.481287e+01  4.825000e+02
     vertex  2.096230e+02  2.488674e+01  4.825000e+02
     vertex  2.094323e+02  2.486779e+01  2.800000e+02
   endloop
 endfacet
 facet normal -1.163452e-01  9.932088e-01 -9.525135e-06
   outer loop
     vertex  2.089469e+02  2.481287e+01  4.825000e+02
     vertex  2.094323e+02  2.486779e+01  2.800000e+02
     vertex  2.087510e+02  2.478798e+01  2.800000e+02
   endloop
 endfacet
 facet normal -1.356155e-01  9.907615e-01  9.412751e-06
   outer loop
     vertex  2.082730e+02  2.472063e+01  4.825000e+02
     vertex  2.089469e+02  2.481287e+01  4.825000e+02
     vertex  2.087510e+02  2.478798e+01  2.800000e+02
   endloop
 endfacet
 facet normal -1.435492e-01  9.896432e-01 -9.687567e-06
   outer loop
     vertex  2.082730e+02  2.472063e+01  4.825000e+02
     vertex  2.087510e+02  2.478798e+01  2.800000e+02
     vertex  2.080722e+02  2.468952e+01  2.800000e+02
   endloop
 endfacet
 facet normal -1.625175e-01  9.867057e-01  9.571902e-06
   outer loop
     vertex  2.076019e+02  2.461009e+01  4.825000e+02
     vertex  2.082730e+02  2.472063e+01  4.825000e+02
     vertex  2.080722e+02  2.468952e+01  2.800000e+02
   endloop
 endfacet
 facet normal -1.706451e-01  9.853326e-01 -9.843437e-06
   outer loop
     vertex  2.076019e+02  2.461009e+01  4.825000e+02
     vertex  2.080722e+02  2.468952e+01  2.800000e+02
     vertex  2.073963e+02  2.457247e+01  2.800000e+02
   endloop
 endfacet
 facet normal -1.892993e-01  9.819194e-01  9.724490e-06
   outer loop
     vertex  2.069340e+02  2.448134e+01  4.825000e+02
     vertex  2.076019e+02  2.461009e+01  4.825000e+02
     vertex  2.073963e+02  2.457247e+01  2.800000e+02
   endloop
 endfacet
 facet normal -1.976125e-01  9.802802e-01 -9.992744e-06
   outer loop
     vertex  2.069340e+02  2.448134e+01  4.825000e+02
     vertex  2.073963e+02  2.457247e+01  2.800000e+02
     vertex  2.067240e+02  2.443693e+01  2.800000e+02
   endloop
 endfacet
 facet normal -2.159410e-01  9.764064e-01  9.870516e-06
   outer loop
     vertex  2.062699e+02  2.433447e+01  4.825000e+02
     vertex  2.069340e+02  2.448134e+01  4.825000e+02
     vertex  2.067240e+02  2.443693e+01  2.800000e+02
   endloop
 endfacet
 facet normal -2.244312e-01  9.744899e-01 -1.013549e-05
   outer loop
     vertex  2.062699e+02  2.433447e+01  4.825000e+02
     vertex  2.067240e+02  2.443693e+01  2.800000e+02
     vertex  2.060555e+02  2.428299e+01  2.800000e+02
   endloop
 endfacet
 facet normal -2.510809e-01  9.679661e-01 -1.027167e-05
   outer loop
     vertex  2.056101e+02  2.416958e+01  4.825000e+02
     vertex  2.060555e+02  2.428299e+01  2.800000e+02
     vertex  2.053916e+02  2.411077e+01  2.800000e+02
   endloop
 endfacet
 facet normal -2.424228e-01  9.701707e-01  1.000998e-05
   outer loop
     vertex  2.056101e+02  2.416958e+01  4.825000e+02
     vertex  2.062699e+02  2.433447e+01  4.825000e+02
     vertex  2.060555e+02  2.428299e+01  2.800000e+02
   endloop
 endfacet
 facet normal -2.775416e-01  9.607136e-01 -1.040129e-05
   outer loop
     vertex  2.049549e+02  2.398681e+01  4.825000e+02
     vertex  2.053916e+02  2.411077e+01  2.800000e+02
     vertex  2.047326e+02  2.392039e+01  2.800000e+02
   endloop
 endfacet
 facet normal -2.687252e-01  9.632169e-01  1.014288e-05
   outer loop
     vertex  2.049549e+02  2.398681e+01  4.825000e+02
     vertex  2.056101e+02  2.416958e+01  4.825000e+02
     vertex  2.053916e+02  2.411077e+01  2.800000e+02
   endloop
 endfacet
 facet normal -3.037934e-01  9.527379e-01 -1.052435e-05
   outer loop
     vertex  2.043050e+02  2.378628e+01  4.825000e+02
     vertex  2.047326e+02  2.392039e+01  2.800000e+02
     vertex  2.040791e+02  2.371202e+01  2.800000e+02
   endloop
 endfacet
 facet normal -2.948287e-01  9.555501e-01  1.026922e-05
   outer loop
     vertex  2.043050e+02  2.378628e+01  4.825000e+02
     vertex  2.049549e+02  2.398681e+01  4.825000e+02
     vertex  2.047326e+02  2.392039e+01  2.800000e+02
   endloop
 endfacet
 facet normal -3.298166e-01  9.440450e-01 -1.064084e-05
   outer loop
     vertex  2.036608e+02  2.356814e+01  4.825000e+02
     vertex  2.040791e+02  2.371202e+01  2.800000e+02
     vertex  2.034316e+02  2.348579e+01  2.800000e+02
   endloop
 endfacet
 facet normal -3.207139e-01  9.471761e-01  1.038899e-05
   outer loop
     vertex  2.036608e+02  2.356814e+01  4.825000e+02
     vertex  2.043050e+02  2.378628e+01  4.825000e+02
     vertex  2.040791e+02  2.371202e+01  2.800000e+02
   endloop
 endfacet
 facet normal -3.555914e-01  9.346415e-01 -1.075077e-05
   outer loop
     vertex  2.030227e+02  2.333257e+01  4.825000e+02
     vertex  2.034316e+02  2.348579e+01  2.800000e+02
     vertex  2.027905e+02  2.324189e+01  2.800000e+02
   endloop
 endfacet
 facet normal -3.463618e-01  9.381010e-01  1.050221e-05
   outer loop
     vertex  2.030227e+02  2.333257e+01  4.825000e+02
     vertex  2.036608e+02  2.356814e+01  4.825000e+02
     vertex  2.034316e+02  2.348579e+01  2.800000e+02
   endloop
 endfacet
 facet normal -3.810986e-01  9.245344e-01 -1.085414e-05
   outer loop
     vertex  2.023913e+02  2.307972e+01  4.825000e+02
     vertex  2.027905e+02  2.324189e+01  2.800000e+02
     vertex  2.021564e+02  2.298048e+01  2.800000e+02
   endloop
 endfacet
 facet normal -3.717533e-01  9.283315e-01  1.060886e-05
   outer loop
     vertex  2.023913e+02  2.307972e+01  4.825000e+02
     vertex  2.030227e+02  2.333257e+01  4.825000e+02
     vertex  2.027905e+02  2.324189e+01  2.800000e+02
   endloop
 endfacet
 facet normal -4.063188e-01  9.137314e-01 -1.095095e-05
   outer loop
     vertex  2.017670e+02  2.280978e+01  4.825000e+02
     vertex  2.021564e+02  2.298048e+01  2.800000e+02
     vertex  2.015296e+02  2.270178e+01  2.800000e+02
   endloop
 endfacet
 facet normal -3.968697e-01  9.178750e-01  1.070894e-05
   outer loop
     vertex  2.017670e+02  2.280978e+01  4.825000e+02
     vertex  2.023913e+02  2.307972e+01  4.825000e+02
     vertex  2.021564e+02  2.298048e+01  2.800000e+02
   endloop
 endfacet
 facet normal -4.312333e-01  9.022405e-01 -1.104119e-05
   outer loop
     vertex  2.011503e+02  2.252297e+01  4.825000e+02
     vertex  2.015296e+02  2.270178e+01  2.800000e+02
     vertex  2.009108e+02  2.240599e+01  2.800000e+02
   endloop
 endfacet
 facet normal -4.216923e-01  9.067390e-01  1.080247e-05
   outer loop
     vertex  2.011503e+02  2.252297e+01  4.825000e+02
     vertex  2.017670e+02  2.280978e+01  4.825000e+02
     vertex  2.015296e+02  2.270178e+01  2.800000e+02
   endloop
 endfacet
 facet normal -4.558231e-01  8.900704e-01 -1.112487e-05
   outer loop
     vertex  2.005416e+02  2.221948e+01  4.825000e+02
     vertex  2.009108e+02  2.240599e+01  2.800000e+02
     vertex  2.003002e+02  2.209334e+01  2.800000e+02
   endloop
 endfacet
 facet normal -4.462028e-01  8.949319e-01  1.088943e-05
   outer loop
     vertex  2.005416e+02  2.221948e+01  4.825000e+02
     vertex  2.011503e+02  2.252297e+01  4.825000e+02
     vertex  2.009108e+02  2.240599e+01  2.800000e+02
   endloop
 endfacet
 facet normal -4.800697e-01  8.772303e-01 -1.120199e-05
   outer loop
     vertex  1.999414e+02  2.189955e+01  4.825000e+02
     vertex  2.003002e+02  2.209334e+01  2.800000e+02
     vertex  1.996985e+02  2.176405e+01  2.800000e+02
   endloop
 endfacet
 facet normal -4.703830e-01  8.824624e-01  1.096983e-05
   outer loop
     vertex  1.999414e+02  2.189955e+01  4.825000e+02
     vertex  2.005416e+02  2.221948e+01  4.825000e+02
     vertex  2.003002e+02  2.209334e+01  2.800000e+02
   endloop
 endfacet
 facet normal -5.039550e-01  8.637299e-01 -1.127254e-05
   outer loop
     vertex  1.993501e+02  2.156341e+01  4.825000e+02
     vertex  1.996985e+02  2.176405e+01  2.800000e+02
     vertex  1.991061e+02  2.141838e+01  2.800000e+02
   endloop
 endfacet
 facet normal -4.942150e-01  8.693397e-01  1.104366e-05
   outer loop
     vertex  1.993501e+02  2.156341e+01  4.825000e+02
     vertex  1.999414e+02  2.189955e+01  4.825000e+02
     vertex  1.996985e+02  2.176405e+01  2.800000e+02
   endloop
 endfacet
 facet normal -5.274609e-01  8.495793e-01 -1.133653e-05
   outer loop
     vertex  1.987682e+02  2.121131e+01  4.825000e+02
     vertex  1.991061e+02  2.141838e+01  2.800000e+02
     vertex  1.985233e+02  2.105659e+01  2.800000e+02
   endloop
 endfacet
 facet normal -5.176813e-01  8.555735e-01  1.111094e-05
   outer loop
     vertex  1.987682e+02  2.121131e+01  4.825000e+02
     vertex  1.993501e+02  2.156341e+01  4.825000e+02
     vertex  1.991061e+02  2.141838e+01  2.800000e+02
   endloop
 endfacet
 facet normal -5.505698e-01  8.347891e-01 -1.139396e-05
   outer loop
     vertex  1.981961e+02  2.084351e+01  4.825000e+02
     vertex  1.985233e+02  2.105659e+01  2.800000e+02
     vertex  1.979508e+02  2.067894e+01  2.800000e+02
   endloop
 endfacet
 facet normal -5.407644e-01  8.411741e-01  1.117165e-05
   outer loop
     vertex  1.981961e+02  2.084351e+01  4.825000e+02
     vertex  1.987682e+02  2.121131e+01  4.825000e+02
     vertex  1.985233e+02  2.105659e+01  2.800000e+02
   endloop
 endfacet
 facet normal -5.732642e-01  8.193706e-01 -1.144483e-05
   outer loop
     vertex  1.976342e+02  2.046028e+01  4.825000e+02
     vertex  1.979508e+02  2.067894e+01  2.800000e+02
     vertex  1.973887e+02  2.028573e+01  2.800000e+02
   endloop
 endfacet
 facet normal -5.634472e-01  8.261521e-01  1.122580e-05
   outer loop
     vertex  1.976342e+02  2.046028e+01  4.825000e+02
     vertex  1.981961e+02  2.084351e+01  4.825000e+02
     vertex  1.979508e+02  2.067894e+01  2.800000e+02
   endloop
 endfacet
 facet normal -5.955271e-01  8.033352e-01 -1.148913e-05
   outer loop
     vertex  1.970829e+02  2.006190e+01  4.825000e+02
     vertex  1.973887e+02  2.028573e+01  2.800000e+02
     vertex  1.968377e+02  1.987725e+01  2.800000e+02
   endloop
 endfacet
 facet normal -5.857129e-01  8.105186e-01  1.127338e-05
   outer loop
     vertex  1.970829e+02  2.006190e+01  4.825000e+02
     vertex  1.976342e+02  2.046028e+01  4.825000e+02
     vertex  1.973887e+02  2.028573e+01  2.800000e+02
   endloop
 endfacet
 facet normal -6.173417e-01  7.866951e-01 -1.152688e-05
   outer loop
     vertex  1.965427e+02  1.964868e+01  4.825000e+02
     vertex  1.968377e+02  1.987725e+01  2.800000e+02
     vertex  1.962981e+02  1.945381e+01  2.800000e+02
   endloop
 endfacet
 facet normal -6.075452e-01  7.942851e-01  1.131440e-05
   outer loop
     vertex  1.965427e+02  1.964868e+01  4.825000e+02
     vertex  1.970829e+02  2.006190e+01  4.825000e+02
     vertex  1.968377e+02  1.987725e+01  2.800000e+02
   endloop
 endfacet
 facet normal -6.386916e-01  7.694628e-01 -1.155805e-05
   outer loop
     vertex  1.960139e+02  1.922091e+01  4.825000e+02
     vertex  1.962981e+02  1.945381e+01  2.800000e+02
     vertex  1.957703e+02  1.901572e+01  2.800000e+02
   endloop
 endfacet
 facet normal -6.289277e-01  7.774638e-01  1.134886e-05
   outer loop
     vertex  1.960139e+02  1.922091e+01  4.825000e+02
     vertex  1.965427e+02  1.964868e+01  4.825000e+02
     vertex  1.962981e+02  1.945381e+01  2.800000e+02
   endloop
 endfacet
 facet normal -6.595607e-01  7.516513e-01 -1.158267e-05
   outer loop
     vertex  1.954969e+02  1.877892e+01  4.825000e+02
     vertex  1.957703e+02  1.901572e+01  2.800000e+02
     vertex  1.952548e+02  1.856331e+01  2.800000e+02
   endloop
 endfacet
 facet normal -6.498448e-01  7.600670e-01  1.137676e-05
   outer loop
     vertex  1.954969e+02  1.877892e+01  4.825000e+02
     vertex  1.960139e+02  1.922091e+01  4.825000e+02
     vertex  1.957703e+02  1.901572e+01  2.800000e+02
   endloop
 endfacet
 facet normal -6.702808e-01  7.421076e-01  1.139810e-05
   outer loop
     vertex  1.949922e+02  1.832303e+01  4.825000e+02
     vertex  1.954969e+02  1.877892e+01  4.825000e+02
     vertex  1.952548e+02  1.856331e+01  2.800000e+02
   endloop
 endfacet
 facet normal -6.799333e-01  7.332740e-01 -1.160072e-05
   outer loop
     vertex  1.949922e+02  1.832303e+01  4.825000e+02
     vertex  1.952548e+02  1.856331e+01  2.800000e+02
     vertex  1.947518e+02  1.809694e+01  2.800000e+02
   endloop
 endfacet
 facet normal -6.902207e-01  7.235989e-01  1.141287e-05
   outer loop
     vertex  1.945000e+02  1.785357e+01  4.825000e+02
     vertex  1.949922e+02  1.832303e+01  4.825000e+02
     vertex  1.947518e+02  1.809694e+01  2.800000e+02
   endloop
 endfacet
 facet normal -6.997940e-01  7.143447e-01 -1.161221e-05
   outer loop
     vertex  1.945000e+02  1.785357e+01  4.825000e+02
     vertex  1.947518e+02  1.809694e+01  2.800000e+02
     vertex  1.942618e+02  1.761694e+01  2.800000e+02
   endloop
 endfacet
 facet normal -7.095273e-01  7.046780e-01  1.113286e-05
   outer loop
     vertex  1.940170e+02  1.736693e+01  5.000000e+02
     vertex  1.945000e+02  1.785357e+01  4.825000e+02
     vertex  1.942618e+02  1.761694e+01  2.800000e+02
   endloop
 endfacet
 facet normal -7.191280e-01  6.948776e-01 -1.068883e-05
   outer loop
     vertex  1.940170e+02  1.736693e+01  5.000000e+02
     vertex  1.942618e+02  1.761694e+01  2.800000e+02
     vertex  1.937852e+02  1.712368e+01  2.800000e+02
   endloop
 endfacet
 facet normal -7.097275e-01  7.044764e-01 -2.868273e-16
   outer loop
     vertex  1.940170e+02  1.736693e+01  5.000000e+02
     vertex  1.945000e+02  1.785357e+01  5.000000e+02
     vertex  1.945000e+02  1.785357e+01  4.825000e+02
   endloop
 endfacet
 facet normal -7.287802e-01  6.847477e-01  1.068124e-05
   outer loop
     vertex  1.935475e+02  1.686723e+01  5.000000e+02
     vertex  1.940170e+02  1.736693e+01  5.000000e+02
     vertex  1.937852e+02  1.712368e+01  2.800000e+02
   endloop
 endfacet
 facet normal -7.379206e-01  6.748875e-01 -1.068914e-05
   outer loop
     vertex  1.935475e+02  1.686723e+01  5.000000e+02
     vertex  1.937852e+02  1.712368e+01  2.800000e+02
     vertex  1.933223e+02  1.661752e+01  2.800000e+02
   endloop
 endfacet
 facet normal -7.561578e-01  6.543893e-01 -1.068944e-05
   outer loop
     vertex  1.930918e+02  1.635485e+01  5.000000e+02
     vertex  1.933223e+02  1.661752e+01  2.800000e+02
     vertex  1.928734e+02  1.609886e+01  2.800000e+02
   endloop
 endfacet
 facet normal -7.472847e-01  6.645041e-01  1.068154e-05
   outer loop
     vertex  1.930918e+02  1.635485e+01  5.000000e+02
     vertex  1.935475e+02  1.686723e+01  5.000000e+02
     vertex  1.933223e+02  1.661752e+01  2.800000e+02
   endloop
 endfacet
 facet normal -7.738257e-01  6.333986e-01 -1.068973e-05
   outer loop
     vertex  1.926504e+02  1.583015e+01  5.000000e+02
     vertex  1.928734e+02  1.609886e+01  2.800000e+02
     vertex  1.924389e+02  1.556808e+01  2.800000e+02
   endloop
 endfacet
 facet normal -7.652270e-01  6.437605e-01  1.068184e-05
   outer loop
     vertex  1.926504e+02  1.583015e+01  5.000000e+02
     vertex  1.930918e+02  1.635485e+01  5.000000e+02
     vertex  1.928734e+02  1.609886e+01  2.800000e+02
   endloop
 endfacet
 facet normal -7.909112e-01  6.119310e-01 -1.069000e-05
   outer loop
     vertex  1.922236e+02  1.529356e+01  5.000000e+02
     vertex  1.924389e+02  1.556808e+01  2.800000e+02
     vertex  1.920192e+02  1.502559e+01  2.800000e+02
   endloop
 endfacet
 facet normal -7.825938e-01  6.225327e-01  1.068212e-05
   outer loop
     vertex  1.922236e+02  1.529356e+01  5.000000e+02
     vertex  1.926504e+02  1.583015e+01  5.000000e+02
     vertex  1.924389e+02  1.556808e+01  2.800000e+02
   endloop
 endfacet
 facet normal -8.074012e-01  5.900028e-01 -1.069027e-05
   outer loop
     vertex  1.918116e+02  1.474545e+01  5.000000e+02
     vertex  1.920192e+02  1.502559e+01  2.800000e+02
     vertex  1.916145e+02  1.447178e+01  2.800000e+02
   endloop
 endfacet
 facet normal -7.993718e-01  6.008366e-01  1.068239e-05
   outer loop
     vertex  1.918116e+02  1.474545e+01  5.000000e+02
     vertex  1.922236e+02  1.529356e+01  5.000000e+02
     vertex  1.920192e+02  1.502559e+01  2.800000e+02
   endloop
 endfacet
 facet normal -8.232835e-01  5.676304e-01 -1.069052e-05
   outer loop
     vertex  1.914148e+02  1.418626e+01  5.000000e+02
     vertex  1.916145e+02  1.447178e+01  2.800000e+02
     vertex  1.912252e+02  1.390707e+01  2.800000e+02
   endloop
 endfacet
 facet normal -8.155486e-01  5.786886e-01  1.068265e-05
   outer loop
     vertex  1.914148e+02  1.418626e+01  5.000000e+02
     vertex  1.918116e+02  1.474545e+01  5.000000e+02
     vertex  1.916145e+02  1.447178e+01  2.800000e+02
   endloop
 endfacet
 facet normal -8.385460e-01  5.448308e-01 -1.069076e-05
   outer loop
     vertex  1.910335e+02  1.361639e+01  5.000000e+02
     vertex  1.912252e+02  1.390707e+01  2.800000e+02
     vertex  1.908515e+02  1.333190e+01  2.800000e+02
   endloop
 endfacet
 facet normal -8.311119e-01  5.561053e-01  1.068289e-05
   outer loop
     vertex  1.910335e+02  1.361639e+01  5.000000e+02
     vertex  1.914148e+02  1.418626e+01  5.000000e+02
     vertex  1.912252e+02  1.390707e+01  2.800000e+02
   endloop
 endfacet
 facet normal -8.531773e-01  5.216210e-01 -1.069099e-05
   outer loop
     vertex  1.906680e+02  1.303628e+01  5.000000e+02
     vertex  1.908515e+02  1.333190e+01  2.800000e+02
     vertex  1.904937e+02  1.274669e+01  2.800000e+02
   endloop
 endfacet
 facet normal -8.460500e-01  5.331036e-01  1.068313e-05
   outer loop
     vertex  1.906680e+02  1.303628e+01  5.000000e+02
     vertex  1.910335e+02  1.361639e+01  5.000000e+02
     vertex  1.908515e+02  1.333190e+01  2.800000e+02
   endloop
 endfacet
 facet normal -8.671664e-01  4.980186e-01 -1.069121e-05
   outer loop
     vertex  1.903185e+02  1.244637e+01  5.000000e+02
     vertex  1.904937e+02  1.274669e+01  2.800000e+02
     vertex  1.901521e+02  1.215189e+01  2.800000e+02
   endloop
 endfacet
 facet normal -8.603516e-01  5.097009e-01  1.068335e-05
   outer loop
     vertex  1.903185e+02  1.244637e+01  5.000000e+02
     vertex  1.906680e+02  1.303628e+01  5.000000e+02
     vertex  1.904937e+02  1.274669e+01  2.800000e+02
   endloop
 endfacet
 facet normal -8.805026e-01  4.740412e-01 -1.069142e-05
   outer loop
     vertex  1.899853e+02  1.184709e+01  5.000000e+02
     vertex  1.901521e+02  1.215189e+01  2.800000e+02
     vertex  1.898269e+02  1.154794e+01  2.800000e+02
   endloop
 endfacet
 facet normal -8.740062e-01  4.859149e-01  1.068357e-05
   outer loop
     vertex  1.899853e+02  1.184709e+01  5.000000e+02
     vertex  1.903185e+02  1.244637e+01  5.000000e+02
     vertex  1.901521e+02  1.215189e+01  2.800000e+02
   endloop
 endfacet
 facet normal -8.931761e-01  4.497071e-01 -1.069162e-05
   outer loop
     vertex  1.896687e+02  1.123890e+01  5.000000e+02
     vertex  1.898269e+02  1.154794e+01  2.800000e+02
     vertex  1.895185e+02  1.093530e+01  2.800000e+02
   endloop
 endfacet
 facet normal -8.870032e-01  4.617633e-01  1.068377e-05
   outer loop
     vertex  1.896687e+02  1.123890e+01  5.000000e+02
     vertex  1.899853e+02  1.184709e+01  5.000000e+02
     vertex  1.898269e+02  1.154794e+01  2.800000e+02
   endloop
 endfacet
 facet normal -9.051772e-01  4.250344e-01 -1.069180e-05
   outer loop
     vertex  1.893689e+02  1.062226e+01  5.000000e+02
     vertex  1.895185e+02  1.093530e+01  2.800000e+02
     vertex  1.892269e+02  1.031442e+01  2.800000e+02
   endloop
 endfacet
 facet normal -8.993330e-01  4.372643e-01  1.068396e-05
   outer loop
     vertex  1.893689e+02  1.062226e+01  5.000000e+02
     vertex  1.896687e+02  1.123890e+01  5.000000e+02
     vertex  1.895185e+02  1.093530e+01  2.800000e+02
   endloop
 endfacet
 facet normal -9.164969e-01  4.000417e-01 -1.069198e-05
   outer loop
     vertex  1.890861e+02  9.997625e+00  5.000000e+02
     vertex  1.892269e+02  1.031442e+01  2.800000e+02
     vertex  1.889525e+02  9.685782e+00  2.800000e+02
   endloop
 endfacet
 facet normal -9.109864e-01  4.124364e-01  1.068414e-05
   outer loop
     vertex  1.890861e+02  9.997625e+00  5.000000e+02
     vertex  1.893689e+02  1.062226e+01  5.000000e+02
     vertex  1.892269e+02  1.031442e+01  2.800000e+02
   endloop
 endfacet
 facet normal -9.271267e-01  3.747479e-01 -1.069214e-05
   outer loop
     vertex  1.888205e+02  9.365471e+00  5.000000e+02
     vertex  1.889525e+02  9.685782e+00  2.800000e+02
     vertex  1.886955e+02  9.049851e+00  2.800000e+02
   endloop
 endfacet
 facet normal -9.219544e-01  3.872983e-01  1.068431e-05
   outer loop
     vertex  1.888205e+02  9.365471e+00  5.000000e+02
     vertex  1.890861e+02  9.997625e+00  5.000000e+02
     vertex  1.889525e+02  9.685782e+00  2.800000e+02
   endloop
 endfacet
 facet normal -9.370586e-01  3.491720e-01 -1.069229e-05
   outer loop
     vertex  1.885724e+02  8.726272e+00  5.000000e+02
     vertex  1.886955e+02  9.049851e+00  2.800000e+02
     vertex  1.884560e+02  8.407108e+00  2.800000e+02
   endloop
 endfacet
 facet normal -9.322290e-01  3.618689e-01  1.068447e-05
   outer loop
     vertex  1.885724e+02  8.726272e+00  5.000000e+02
     vertex  1.888205e+02  9.365471e+00  5.000000e+02
     vertex  1.886955e+02  9.049851e+00  2.800000e+02
   endloop
 endfacet
 facet normal -9.462851e-01  3.233333e-01 -1.069243e-05
   outer loop
     vertex  1.883419e+02  8.080509e+00  5.000000e+02
     vertex  1.884560e+02  8.407108e+00  2.800000e+02
     vertex  1.882342e+02  7.758036e+00  2.800000e+02
   endloop
 endfacet
 facet normal -9.418023e-01  3.361672e-01  1.068461e-05
   outer loop
     vertex  1.883419e+02  8.080509e+00  5.000000e+02
     vertex  1.885724e+02  8.726272e+00  5.000000e+02
     vertex  1.884560e+02  8.407108e+00  2.800000e+02
   endloop
 endfacet
 facet normal -9.547993e-01  2.972512e-01 -1.069256e-05
   outer loop
     vertex  1.881292e+02  7.428668e+00  5.000000e+02
     vertex  1.882342e+02  7.758036e+00  2.800000e+02
     vertex  1.880303e+02  7.103124e+00  2.800000e+02
   endloop
 endfacet
 facet normal -9.506672e-01  3.102127e-01  1.068475e-05
   outer loop
     vertex  1.881292e+02  7.428668e+00  5.000000e+02
     vertex  1.883419e+02  8.080509e+00  5.000000e+02
     vertex  1.882342e+02  7.758036e+00  2.800000e+02
   endloop
 endfacet
 facet normal -9.625948e-01  2.709453e-01 -1.069268e-05
   outer loop
     vertex  1.879345e+02  6.771239e+00  5.000000e+02
     vertex  1.880303e+02  7.103124e+00  2.800000e+02
     vertex  1.878445e+02  6.442865e+00  2.800000e+02
   endloop
 endfacet
 facet normal -9.588169e-01  2.840248e-01  1.068487e-05
   outer loop
     vertex  1.879345e+02  6.771239e+00  5.000000e+02
     vertex  1.881292e+02  7.428668e+00  5.000000e+02
     vertex  1.880303e+02  7.103124e+00  2.800000e+02
   endloop
 endfacet
 facet normal -9.696656e-01  2.444354e-01 -1.069278e-05
   outer loop
     vertex  1.877578e+02  6.108716e+00  5.000000e+02
     vertex  1.878445e+02  6.442865e+00  2.800000e+02
     vertex  1.876768e+02  5.777756e+00  2.800000e+02
   endloop
 endfacet
 facet normal -9.662454e-01  2.576233e-01  1.068498e-05
   outer loop
     vertex  1.877578e+02  6.108716e+00  5.000000e+02
     vertex  1.879345e+02  6.771239e+00  5.000000e+02
     vertex  1.878445e+02  6.442865e+00  2.800000e+02
   endloop
 endfacet
 facet normal -9.760065e-01  2.177416e-01 -1.069288e-05
   outer loop
     vertex  1.875994e+02  5.441598e+00  5.000000e+02
     vertex  1.876768e+02  5.777756e+00  2.800000e+02
     vertex  1.875275e+02  5.108298e+00  2.800000e+02
   endloop
 endfacet
 facet normal -9.729471e-01  2.310280e-01  1.068508e-05
   outer loop
     vertex  1.875994e+02  5.441598e+00  5.000000e+02
     vertex  1.877578e+02  6.108716e+00  5.000000e+02
     vertex  1.876768e+02  5.777756e+00  2.800000e+02
   endloop
 endfacet
 facet normal -9.816126e-01  1.908838e-01 -1.069296e-05
   outer loop
     vertex  1.874594e+02  4.770387e+00  5.000000e+02
     vertex  1.875275e+02  5.108298e+00  2.800000e+02
     vertex  1.873965e+02  4.434994e+00  2.800000e+02
   endloop
 endfacet
 facet normal -9.789169e-01  2.042589e-01  1.068517e-05
   outer loop
     vertex  1.874594e+02  4.770387e+00  5.000000e+02
     vertex  1.875994e+02  5.441598e+00  5.000000e+02
     vertex  1.875275e+02  5.108298e+00  2.800000e+02
   endloop
 endfacet
 facet normal -9.864799e-01  1.638824e-01 -1.069304e-05
   outer loop
     vertex  1.873378e+02  4.095587e+00  5.000000e+02
     vertex  1.873965e+02  4.434994e+00  2.800000e+02
     vertex  1.872841e+02  3.758352e+00  2.800000e+02
   endloop
 endfacet
 facet normal -9.841503e-01  1.773362e-01  1.068525e-05
   outer loop
     vertex  1.873378e+02  4.095587e+00  5.000000e+02
     vertex  1.874594e+02  4.770387e+00  5.000000e+02
     vertex  1.873965e+02  4.434994e+00  2.800000e+02
   endloop
 endfacet
 facet normal -9.886435e-01  1.502800e-01  1.068532e-05
   outer loop
     vertex  1.872347e+02  3.417707e+00  5.000000e+02
     vertex  1.873378e+02  4.095587e+00  5.000000e+02
     vertex  1.872841e+02  3.758352e+00  2.800000e+02
   endloop
 endfacet
 facet normal -9.906046e-01  1.367575e-01 -1.069310e-05
   outer loop
     vertex  1.872347e+02  3.417707e+00  5.000000e+02
     vertex  1.872841e+02  3.758352e+00  2.800000e+02
     vertex  1.871903e+02  3.078881e+00  2.800000e+02
   endloop
 endfacet
 facet normal -9.923929e-01  1.231108e-01  1.068538e-05
   outer loop
     vertex  1.871503e+02  2.737256e+00  5.000000e+02
     vertex  1.872347e+02  3.417707e+00  5.000000e+02
     vertex  1.871903e+02  3.078881e+00  2.800000e+02
   endloop
 endfacet
 facet normal -9.939835e-01  1.095298e-01 -1.069315e-05
   outer loop
     vertex  1.871503e+02  2.737256e+00  5.000000e+02
     vertex  1.871903e+02  3.078881e+00  2.800000e+02
     vertex  1.871152e+02  2.397092e+00  2.800000e+02
   endloop
 endfacet
 facet normal -9.953959e-01  9.584904e-02  1.068542e-05
   outer loop
     vertex  1.870846e+02  2.054746e+00  5.000000e+02
     vertex  1.871503e+02  2.737256e+00  5.000000e+02
     vertex  1.871152e+02  2.397092e+00  2.800000e+02
   endloop
 endfacet
 facet normal -9.966142e-01  8.221955e-02 -1.069319e-05
   outer loop
     vertex  1.870846e+02  2.054746e+00  5.000000e+02
     vertex  1.871152e+02  2.397092e+00  2.800000e+02
     vertex  1.870588e+02  1.713499e+00  2.800000e+02
   endloop
 endfacet
 facet normal -9.976501e-01  6.851515e-02  1.068545e-05
   outer loop
     vertex  1.870376e+02  1.370690e+00  5.000000e+02
     vertex  1.870846e+02  2.054746e+00  5.000000e+02
     vertex  1.870588e+02  1.713499e+00  2.800000e+02
   endloop
 endfacet
 facet normal -9.984947e-01  5.484744e-02 -1.069322e-05
   outer loop
     vertex  1.870376e+02  1.370690e+00  5.000000e+02
     vertex  1.870588e+02  1.713499e+00  2.800000e+02
     vertex  1.870212e+02  1.028615e+00  2.800000e+02
   endloop
 endfacet
 facet normal -9.991538e-01  4.112971e-02  1.068548e-05
   outer loop
     vertex  1.870094e+02  6.856027e-01  5.000000e+02
     vertex  1.870376e+02  1.370690e+00  5.000000e+02
     vertex  1.870212e+02  1.028615e+00  2.800000e+02
   endloop
 endfacet
 facet normal -9.996236e-01  2.743405e-02 -1.069323e-05
   outer loop
     vertex  1.870094e+02  6.856027e-01  5.000000e+02
     vertex  1.870212e+02  1.028615e+00  2.800000e+02
     vertex  1.870024e+02  3.429579e-01  2.800000e+02
   endloop
 endfacet
 facet normal -9.999060e-01  1.371334e-02  1.068549e-05
   outer loop
     vertex  1.870000e+02 -1.914284e-14  5.000000e+02
     vertex  1.870094e+02  6.856027e-01  5.000000e+02
     vertex  1.870024e+02  3.429579e-01  2.800000e+02
   endloop
 endfacet
 facet normal -1.000000e+00  0.000000e+00 -1.069324e-05
   outer loop
     vertex  1.870000e+02 -1.914284e-14  5.000000e+02
     vertex  1.870024e+02  3.429579e-01  2.800000e+02
     vertex  1.870024e+02 -3.429579e-01  2.800000e+02
   endloop
 endfacet
 facet normal -9.999060e-01 -1.371334e-02  1.068549e-05
   outer loop
     vertex  1.870094e+02 -6.856027e-01  5.000000e+02
     vertex  1.870000e+02 -1.914284e-14  5.000000e+02
     vertex  1.870024e+02 -3.429579e-01  2.800000e+02
   endloop
 endfacet
 facet normal -9.996236e-01 -2.743405e-02 -1.069323e-05
   outer loop
     vertex  1.870094e+02 -6.856027e-01  5.000000e+02
     vertex  1.870024e+02 -3.429579e-01  2.800000e+02
     vertex  1.870212e+02 -1.028615e+00  2.800000e+02
   endloop
 endfacet
 facet normal -9.991538e-01 -4.112971e-02  1.068548e-05
   outer loop
     vertex  1.870376e+02 -1.370690e+00  5.000000e+02
     vertex  1.870094e+02 -6.856027e-01  5.000000e+02
     vertex  1.870212e+02 -1.028615e+00  2.800000e+02
   endloop
 endfacet
 facet normal -9.984947e-01 -5.484744e-02 -1.069322e-05
   outer loop
     vertex  1.870376e+02 -1.370690e+00  5.000000e+02
     vertex  1.870212e+02 -1.028615e+00  2.800000e+02
     vertex  1.870588e+02 -1.713499e+00  2.800000e+02
   endloop
 endfacet
 facet normal -9.976501e-01 -6.851515e-02  1.068545e-05
   outer loop
     vertex  1.870846e+02 -2.054746e+00  5.000000e+02
     vertex  1.870376e+02 -1.370690e+00  5.000000e+02
     vertex  1.870588e+02 -1.713499e+00  2.800000e+02
   endloop
 endfacet
 facet normal -9.966142e-01 -8.221955e-02 -1.069319e-05
   outer loop
     vertex  1.870846e+02 -2.054746e+00  5.000000e+02
     vertex  1.870588e+02 -1.713499e+00  2.800000e+02
     vertex  1.871152e+02 -2.397092e+00  2.800000e+02
   endloop
 endfacet
 facet normal -9.953959e-01 -9.584904e-02  1.068542e-05
   outer loop
     vertex  1.871503e+02 -2.737256e+00  5.000000e+02
     vertex  1.870846e+02 -2.054746e+00  5.000000e+02
     vertex  1.871152e+02 -2.397092e+00  2.800000e+02
   endloop
 endfacet
 facet normal -9.939835e-01 -1.095298e-01 -1.069315e-05
   outer loop
     vertex  1.871503e+02 -2.737256e+00  5.000000e+02
     vertex  1.871152e+02 -2.397092e+00  2.800000e+02
     vertex  1.871903e+02 -3.078881e+00  2.800000e+02
   endloop
 endfacet
 facet normal -9.923929e-01 -1.231108e-01  1.068538e-05
   outer loop
     vertex  1.872347e+02 -3.417707e+00  5.000000e+02
     vertex  1.871503e+02 -2.737256e+00  5.000000e+02
     vertex  1.871903e+02 -3.078881e+00  2.800000e+02
   endloop
 endfacet
 facet normal -9.906046e-01 -1.367575e-01 -1.069310e-05
   outer loop
     vertex  1.872347e+02 -3.417707e+00  5.000000e+02
     vertex  1.871903e+02 -3.078881e+00  2.800000e+02
     vertex  1.872841e+02 -3.758352e+00  2.800000e+02
   endloop
 endfacet
 facet normal -9.886435e-01 -1.502800e-01  1.068532e-05
   outer loop
     vertex  1.873378e+02 -4.095587e+00  5.000000e+02
     vertex  1.872347e+02 -3.417707e+00  5.000000e+02
     vertex  1.872841e+02 -3.758352e+00  2.800000e+02
   endloop
 endfacet
 facet normal -9.864799e-01 -1.638824e-01 -1.069304e-05
   outer loop
     vertex  1.873378e+02 -4.095587e+00  5.000000e+02
     vertex  1.872841e+02 -3.758352e+00  2.800000e+02
     vertex  1.873965e+02 -4.434994e+00  2.800000e+02
   endloop
 endfacet
 facet normal -9.841503e-01 -1.773362e-01  1.068525e-05
   outer loop
     vertex  1.874594e+02 -4.770387e+00  5.000000e+02
     vertex  1.873378e+02 -4.095587e+00  5.000000e+02
     vertex  1.873965e+02 -4.434994e+00  2.800000e+02
   endloop
 endfacet
 facet normal -9.816126e-01 -1.908838e-01 -1.069296e-05
   outer loop
     vertex  1.874594e+02 -4.770387e+00  5.000000e+02
     vertex  1.873965e+02 -4.434994e+00  2.800000e+02
     vertex  1.875275e+02 -5.108298e+00  2.800000e+02
   endloop
 endfacet
 facet normal -9.760065e-01 -2.177416e-01 -1.069288e-05
   outer loop
     vertex  1.875994e+02 -5.441598e+00  5.000000e+02
     vertex  1.875275e+02 -5.108298e+00  2.800000e+02
     vertex  1.876768e+02 -5.777756e+00  2.800000e+02
   endloop
 endfacet
 facet normal -9.789169e-01 -2.042589e-01  1.068517e-05
   outer loop
     vertex  1.875994e+02 -5.441598e+00  5.000000e+02
     vertex  1.874594e+02 -4.770387e+00  5.000000e+02
     vertex  1.875275e+02 -5.108298e+00  2.800000e+02
   endloop
 endfacet
 facet normal -9.696656e-01 -2.444354e-01 -1.069278e-05
   outer loop
     vertex  1.877578e+02 -6.108716e+00  5.000000e+02
     vertex  1.876768e+02 -5.777756e+00  2.800000e+02
     vertex  1.878445e+02 -6.442865e+00  2.800000e+02
   endloop
 endfacet
 facet normal -9.729471e-01 -2.310280e-01  1.068508e-05
   outer loop
     vertex  1.877578e+02 -6.108716e+00  5.000000e+02
     vertex  1.875994e+02 -5.441598e+00  5.000000e+02
     vertex  1.876768e+02 -5.777756e+00  2.800000e+02
   endloop
 endfacet
 facet normal -9.625948e-01 -2.709453e-01 -1.069268e-05
   outer loop
     vertex  1.879345e+02 -6.771239e+00  5.000000e+02
     vertex  1.878445e+02 -6.442865e+00  2.800000e+02
     vertex  1.880303e+02 -7.103124e+00  2.800000e+02
   endloop
 endfacet
 facet normal -9.662454e-01 -2.576233e-01  1.068498e-05
   outer loop
     vertex  1.879345e+02 -6.771239e+00  5.000000e+02
     vertex  1.877578e+02 -6.108716e+00  5.000000e+02
     vertex  1.878445e+02 -6.442865e+00  2.800000e+02
   endloop
 endfacet
 facet normal -9.547993e-01 -2.972512e-01 -1.069256e-05
   outer loop
     vertex  1.881292e+02 -7.428668e+00  5.000000e+02
     vertex  1.880303e+02 -7.103124e+00  2.800000e+02
     vertex  1.882342e+02 -7.758036e+00  2.800000e+02
   endloop
 endfacet
 facet normal -9.588169e-01 -2.840248e-01  1.068487e-05
   outer loop
     vertex  1.881292e+02 -7.428668e+00  5.000000e+02
     vertex  1.879345e+02 -6.771239e+00  5.000000e+02
     vertex  1.880303e+02 -7.103124e+00  2.800000e+02
   endloop
 endfacet
 facet normal -9.462851e-01 -3.233333e-01 -1.069243e-05
   outer loop
     vertex  1.883419e+02 -8.080509e+00  5.000000e+02
     vertex  1.882342e+02 -7.758036e+00  2.800000e+02
     vertex  1.884560e+02 -8.407108e+00  2.800000e+02
   endloop
 endfacet
 facet normal -9.506672e-01 -3.102127e-01  1.068475e-05
   outer loop
     vertex  1.883419e+02 -8.080509e+00  5.000000e+02
     vertex  1.881292e+02 -7.428668e+00  5.000000e+02
     vertex  1.882342e+02 -7.758036e+00  2.800000e+02
   endloop
 endfacet
 facet normal -9.370586e-01 -3.491720e-01 -1.069229e-05
   outer loop
     vertex  1.885724e+02 -8.726272e+00  5.000000e+02
     vertex  1.884560e+02 -8.407108e+00  2.800000e+02
     vertex  1.886955e+02 -9.049851e+00  2.800000e+02
   endloop
 endfacet
 facet normal -9.418023e-01 -3.361672e-01  1.068461e-05
   outer loop
     vertex  1.885724e+02 -8.726272e+00  5.000000e+02
     vertex  1.883419e+02 -8.080509e+00  5.000000e+02
     vertex  1.884560e+02 -8.407108e+00  2.800000e+02
   endloop
 endfacet
 facet normal -9.271267e-01 -3.747479e-01 -1.069214e-05
   outer loop
     vertex  1.888205e+02 -9.365471e+00  5.000000e+02
     vertex  1.886955e+02 -9.049851e+00  2.800000e+02
     vertex  1.889525e+02 -9.685782e+00  2.800000e+02
   endloop
 endfacet
 facet normal -9.322290e-01 -3.618689e-01  1.068447e-05
   outer loop
     vertex  1.888205e+02 -9.365471e+00  5.000000e+02
     vertex  1.885724e+02 -8.726272e+00  5.000000e+02
     vertex  1.886955e+02 -9.049851e+00  2.800000e+02
   endloop
 endfacet
 facet normal -9.164969e-01 -4.000417e-01 -1.069198e-05
   outer loop
     vertex  1.890861e+02 -9.997625e+00  5.000000e+02
     vertex  1.889525e+02 -9.685782e+00  2.800000e+02
     vertex  1.892269e+02 -1.031442e+01  2.800000e+02
   endloop
 endfacet
 facet normal -9.219544e-01 -3.872983e-01  1.068431e-05
   outer loop
     vertex  1.890861e+02 -9.997625e+00  5.000000e+02
     vertex  1.888205e+02 -9.365471e+00  5.000000e+02
     vertex  1.889525e+02 -9.685782e+00  2.800000e+02
   endloop
 endfacet
 facet normal -9.051772e-01 -4.250344e-01 -1.069180e-05
   outer loop
     vertex  1.893689e+02 -1.062226e+01  5.000000e+02
     vertex  1.892269e+02 -1.031442e+01  2.800000e+02
     vertex  1.895185e+02 -1.093530e+01  2.800000e+02
   endloop
 endfacet
 facet normal -9.109864e-01 -4.124364e-01  1.068414e-05
   outer loop
     vertex  1.893689e+02 -1.062226e+01  5.000000e+02
     vertex  1.890861e+02 -9.997625e+00  5.000000e+02
     vertex  1.892269e+02 -1.031442e+01  2.800000e+02
   endloop
 endfacet
 facet normal -8.931761e-01 -4.497071e-01 -1.069162e-05
   outer loop
     vertex  1.896687e+02 -1.123890e+01  5.000000e+02
     vertex  1.895185e+02 -1.093530e+01  2.800000e+02
     vertex  1.898269e+02 -1.154794e+01  2.800000e+02
   endloop
 endfacet
 facet normal -8.993330e-01 -4.372643e-01  1.068396e-05
   outer loop
     vertex  1.896687e+02 -1.123890e+01  5.000000e+02
     vertex  1.893689e+02 -1.062226e+01  5.000000e+02
     vertex  1.895185e+02 -1.093530e+01  2.800000e+02
   endloop
 endfacet
 facet normal -8.805026e-01 -4.740412e-01 -1.069142e-05
   outer loop
     vertex  1.899853e+02 -1.184709e+01  5.000000e+02
     vertex  1.898269e+02 -1.154794e+01  2.800000e+02
     vertex  1.901521e+02 -1.215189e+01  2.800000e+02
   endloop
 endfacet
 facet normal -8.870032e-01 -4.617633e-01  1.068377e-05
   outer loop
     vertex  1.899853e+02 -1.184709e+01  5.000000e+02
     vertex  1.896687e+02 -1.123890e+01  5.000000e+02
     vertex  1.898269e+02 -1.154794e+01  2.800000e+02
   endloop
 endfacet
 facet normal -8.740062e-01 -4.859149e-01  1.068357e-05
   outer loop
     vertex  1.903185e+02 -1.244637e+01  5.000000e+02
     vertex  1.899853e+02 -1.184709e+01  5.000000e+02
     vertex  1.901521e+02 -1.215189e+01  2.800000e+02
   endloop
 endfacet
 facet normal -8.671664e-01 -4.980186e-01 -1.069121e-05
   outer loop
     vertex  1.903185e+02 -1.244637e+01  5.000000e+02
     vertex  1.901521e+02 -1.215189e+01  2.800000e+02
     vertex  1.904937e+02 -1.274669e+01  2.800000e+02
   endloop
 endfacet
 facet normal -8.603516e-01 -5.097009e-01  1.068335e-05
   outer loop
     vertex  1.906680e+02 -1.303628e+01  5.000000e+02
     vertex  1.903185e+02 -1.244637e+01  5.000000e+02
     vertex  1.904937e+02 -1.274669e+01  2.800000e+02
   endloop
 endfacet
 facet normal -8.531773e-01 -5.216210e-01 -1.069099e-05
   outer loop
     vertex  1.906680e+02 -1.303628e+01  5.000000e+02
     vertex  1.904937e+02 -1.274669e+01  2.800000e+02
     vertex  1.908515e+02 -1.333190e+01  2.800000e+02
   endloop
 endfacet
 facet normal -8.460500e-01 -5.331036e-01  1.068313e-05
   outer loop
     vertex  1.910335e+02 -1.361639e+01  5.000000e+02
     vertex  1.906680e+02 -1.303628e+01  5.000000e+02
     vertex  1.908515e+02 -1.333190e+01  2.800000e+02
   endloop
 endfacet
 facet normal -8.385460e-01 -5.448308e-01 -1.069076e-05
   outer loop
     vertex  1.910335e+02 -1.361639e+01  5.000000e+02
     vertex  1.908515e+02 -1.333190e+01  2.800000e+02
     vertex  1.912252e+02 -1.390707e+01  2.800000e+02
   endloop
 endfacet
 facet normal -8.311119e-01 -5.561053e-01  1.068289e-05
   outer loop
     vertex  1.914148e+02 -1.418626e+01  5.000000e+02
     vertex  1.910335e+02 -1.361639e+01  5.000000e+02
     vertex  1.912252e+02 -1.390707e+01  2.800000e+02
   endloop
 endfacet
 facet normal -8.232835e-01 -5.676304e-01 -1.069052e-05
   outer loop
     vertex  1.914148e+02 -1.418626e+01  5.000000e+02
     vertex  1.912252e+02 -1.390707e+01  2.800000e+02
     vertex  1.916145e+02 -1.447178e+01  2.800000e+02
   endloop
 endfacet
 facet normal -8.155486e-01 -5.786886e-01  1.068265e-05
   outer loop
     vertex  1.918116e+02 -1.474545e+01  5.000000e+02
     vertex  1.914148e+02 -1.418626e+01  5.000000e+02
     vertex  1.916145e+02 -1.447178e+01  2.800000e+02
   endloop
 endfacet
 facet normal -8.074012e-01 -5.900028e-01 -1.069027e-05
   outer loop
     vertex  1.918116e+02 -1.474545e+01  5.000000e+02
     vertex  1.916145e+02 -1.447178e+01  2.800000e+02
     vertex  1.920192e+02 -1.502559e+01  2.800000e+02
   endloop
 endfacet
 facet normal -7.993718e-01 -6.008366e-01  1.068239e-05
   outer loop
     vertex  1.922236e+02 -1.529356e+01  5.000000e+02
     vertex  1.918116e+02 -1.474545e+01  5.000000e+02
     vertex  1.920192e+02 -1.502559e+01  2.800000e+02
   endloop
 endfacet
 facet normal -7.909112e-01 -6.119310e-01 -1.069000e-05
   outer loop
     vertex  1.922236e+02 -1.529356e+01  5.000000e+02
     vertex  1.920192e+02 -1.502559e+01  2.800000e+02
     vertex  1.924389e+02 -1.556808e+01  2.800000e+02
   endloop
 endfacet
 facet normal -7.825938e-01 -6.225327e-01  1.068212e-05
   outer loop
     vertex  1.926504e+02 -1.583015e+01  5.000000e+02
     vertex  1.922236e+02 -1.529356e+01  5.000000e+02
     vertex  1.924389e+02 -1.556808e+01  2.800000e+02
   endloop
 endfacet
 facet normal -7.738257e-01 -6.333986e-01 -1.068973e-05
   outer loop
     vertex  1.926504e+02 -1.583015e+01  5.000000e+02
     vertex  1.924389e+02 -1.556808e+01  2.800000e+02
     vertex  1.928734e+02 -1.609886e+01  2.800000e+02
   endloop
 endfacet
 facet normal -7.652270e-01 -6.437605e-01  1.068184e-05
   outer loop
     vertex  1.930918e+02 -1.635485e+01  5.000000e+02
     vertex  1.926504e+02 -1.583015e+01  5.000000e+02
     vertex  1.928734e+02 -1.609886e+01  2.800000e+02
   endloop
 endfacet
 facet normal -7.561578e-01 -6.543893e-01 -1.068944e-05
   outer loop
     vertex  1.930918e+02 -1.635485e+01  5.000000e+02
     vertex  1.928734e+02 -1.609886e+01  2.800000e+02
     vertex  1.933223e+02 -1.661752e+01  2.800000e+02
   endloop
 endfacet
 facet normal -7.472847e-01 -6.645041e-01  1.068154e-05
   outer loop
     vertex  1.935475e+02 -1.686723e+01  5.000000e+02
     vertex  1.930918e+02 -1.635485e+01  5.000000e+02
     vertex  1.933223e+02 -1.661752e+01  2.800000e+02
   endloop
 endfacet
 facet normal -7.379206e-01 -6.748875e-01 -1.068914e-05
   outer loop
     vertex  1.935475e+02 -1.686723e+01  5.000000e+02
     vertex  1.933223e+02 -1.661752e+01  2.800000e+02
     vertex  1.937852e+02 -1.712368e+01  2.800000e+02
   endloop
 endfacet
 facet normal -7.287802e-01 -6.847477e-01  1.068124e-05
   outer loop
     vertex  1.940170e+02 -1.736693e+01  5.000000e+02
     vertex  1.935475e+02 -1.686723e+01  5.000000e+02
     vertex  1.937852e+02 -1.712368e+01  2.800000e+02
   endloop
 endfacet
 facet normal -7.191280e-01 -6.948776e-01 -1.068883e-05
   outer loop
     vertex  1.940170e+02 -1.736693e+01  5.000000e+02
     vertex  1.937852e+02 -1.712368e+01  2.800000e+02
     vertex  1.942618e+02 -1.761694e+01  2.800000e+02
   endloop
 endfacet
 facet normal -7.095273e-01 -7.046780e-01  1.113286e-05
   outer loop
     vertex  1.945000e+02 -1.785357e+01  4.825000e+02
     vertex  1.940170e+02 -1.736693e+01  5.000000e+02
     vertex  1.942618e+02 -1.761694e+01  2.800000e+02
   endloop
 endfacet
 facet normal -6.997940e-01 -7.143447e-01 -1.161221e-05
   outer loop
     vertex  1.945000e+02 -1.785357e+01  4.825000e+02
     vertex  1.942618e+02 -1.761694e+01  2.800000e+02
     vertex  1.947518e+02 -1.809694e+01  2.800000e+02
   endloop
 endfacet
 facet normal -7.097275e-01 -7.044764e-01 -0.000000e+00
   outer loop
     vertex  1.945000e+02 -1.785357e+01  5.000000e+02
     vertex  1.940170e+02 -1.736693e+01  5.000000e+02
     vertex  1.945000e+02 -1.785357e+01  4.825000e+02
   endloop
 endfacet
 facet normal -6.902207e-01 -7.235989e-01  1.141287e-05
   outer loop
     vertex  1.949922e+02 -1.832303e+01  4.825000e+02
     vertex  1.945000e+02 -1.785357e+01  4.825000e+02
     vertex  1.947518e+02 -1.809694e+01  2.800000e+02
   endloop
 endfacet
 facet normal -6.799333e-01 -7.332740e-01 -1.160072e-05
   outer loop
     vertex  1.949922e+02 -1.832303e+01  4.825000e+02
     vertex  1.947518e+02 -1.809694e+01  2.800000e+02
     vertex  1.952548e+02 -1.856331e+01  2.800000e+02
   endloop
 endfacet
 facet normal -6.702808e-01 -7.421076e-01  1.139810e-05
   outer loop
     vertex  1.954969e+02 -1.877892e+01  4.825000e+02
     vertex  1.949922e+02 -1.832303e+01  4.825000e+02
     vertex  1.952548e+02 -1.856331e+01  2.800000e+02
   endloop
 endfacet
 facet normal -6.595607e-01 -7.516513e-01 -1.158267e-05
   outer loop
     vertex  1.954969e+02 -1.877892e+01  4.825000e+02
     vertex  1.952548e+02 -1.856331e+01  2.800000e+02
     vertex  1.957703e+02 -1.901572e+01  2.800000e+02
   endloop
 endfacet
 facet normal -6.498448e-01 -7.600670e-01  1.137676e-05
   outer loop
     vertex  1.960139e+02 -1.922091e+01  4.825000e+02
     vertex  1.954969e+02 -1.877892e+01  4.825000e+02
     vertex  1.957703e+02 -1.901572e+01  2.800000e+02
   endloop
 endfacet
 facet normal -6.386916e-01 -7.694628e-01 -1.155805e-05
   outer loop
     vertex  1.960139e+02 -1.922091e+01  4.825000e+02
     vertex  1.957703e+02 -1.901572e+01  2.800000e+02
     vertex  1.962981e+02 -1.945381e+01  2.800000e+02
   endloop
 endfacet
 facet normal -6.289277e-01 -7.774638e-01  1.134886e-05
   outer loop
     vertex  1.965427e+02 -1.964868e+01  4.825000e+02
     vertex  1.960139e+02 -1.922091e+01  4.825000e+02
     vertex  1.962981e+02 -1.945381e+01  2.800000e+02
   endloop
 endfacet
 facet normal -6.173417e-01 -7.866951e-01 -1.152688e-05
   outer loop
     vertex  1.965427e+02 -1.964868e+01  4.825000e+02
     vertex  1.962981e+02 -1.945381e+01  2.800000e+02
     vertex  1.968377e+02 -1.987725e+01  2.800000e+02
   endloop
 endfacet
 facet normal -6.075452e-01 -7.942851e-01  1.131440e-05
   outer loop
     vertex  1.970829e+02 -2.006190e+01  4.825000e+02
     vertex  1.965427e+02 -1.964868e+01  4.825000e+02
     vertex  1.968377e+02 -1.987725e+01  2.800000e+02
   endloop
 endfacet
 facet normal -5.955271e-01 -8.033352e-01 -1.148913e-05
   outer loop
     vertex  1.970829e+02 -2.006190e+01  4.825000e+02
     vertex  1.968377e+02 -1.987725e+01  2.800000e+02
     vertex  1.973887e+02 -2.028573e+01  2.800000e+02
   endloop
 endfacet
 facet normal -5.857129e-01 -8.105186e-01  1.127338e-05
   outer loop
     vertex  1.976342e+02 -2.046028e+01  4.825000e+02
     vertex  1.970829e+02 -2.006190e+01  4.825000e+02
     vertex  1.973887e+02 -2.028573e+01  2.800000e+02
   endloop
 endfacet
 facet normal -5.732642e-01 -8.193706e-01 -1.144483e-05
   outer loop
     vertex  1.976342e+02 -2.046028e+01  4.825000e+02
     vertex  1.973887e+02 -2.028573e+01  2.800000e+02
     vertex  1.979508e+02 -2.067894e+01  2.800000e+02
   endloop
 endfacet
 facet normal -5.634472e-01 -8.261521e-01  1.122580e-05
   outer loop
     vertex  1.981961e+02 -2.084351e+01  4.825000e+02
     vertex  1.976342e+02 -2.046028e+01  4.825000e+02
     vertex  1.979508e+02 -2.067894e+01  2.800000e+02
   endloop
 endfacet
 facet normal -5.505698e-01 -8.347891e-01 -1.139396e-05
   outer loop
     vertex  1.981961e+02 -2.084351e+01  4.825000e+02
     vertex  1.979508e+02 -2.067894e+01  2.800000e+02
     vertex  1.985233e+02 -2.105659e+01  2.800000e+02
   endloop
 endfacet
 facet normal -5.407644e-01 -8.411741e-01  1.117165e-05
   outer loop
     vertex  1.987682e+02 -2.121131e+01  4.825000e+02
     vertex  1.981961e+02 -2.084351e+01  4.825000e+02
     vertex  1.985233e+02 -2.105659e+01  2.800000e+02
   endloop
 endfacet
 facet normal -5.274609e-01 -8.495793e-01 -1.133653e-05
   outer loop
     vertex  1.987682e+02 -2.121131e+01  4.825000e+02
     vertex  1.985233e+02 -2.105659e+01  2.800000e+02
     vertex  1.991061e+02 -2.141838e+01  2.800000e+02
   endloop
 endfacet
 facet normal -5.176813e-01 -8.555735e-01  1.111094e-05
   outer loop
     vertex  1.993501e+02 -2.156341e+01  4.825000e+02
     vertex  1.987682e+02 -2.121131e+01  4.825000e+02
     vertex  1.991061e+02 -2.141838e+01  2.800000e+02
   endloop
 endfacet
 facet normal -5.039550e-01 -8.637299e-01 -1.127254e-05
   outer loop
     vertex  1.993501e+02 -2.156341e+01  4.825000e+02
     vertex  1.991061e+02 -2.141838e+01  2.800000e+02
     vertex  1.996985e+02 -2.176405e+01  2.800000e+02
   endloop
 endfacet
 facet normal -4.942150e-01 -8.693397e-01  1.104366e-05
   outer loop
     vertex  1.999414e+02 -2.189955e+01  4.825000e+02
     vertex  1.993501e+02 -2.156341e+01  4.825000e+02
     vertex  1.996985e+02 -2.176405e+01  2.800000e+02
   endloop
 endfacet
 facet normal -4.800697e-01 -8.772303e-01 -1.120199e-05
   outer loop
     vertex  1.999414e+02 -2.189955e+01  4.825000e+02
     vertex  1.996985e+02 -2.176405e+01  2.800000e+02
     vertex  2.003002e+02 -2.209334e+01  2.800000e+02
   endloop
 endfacet
 facet normal -4.703830e-01 -8.824624e-01  1.096983e-05
   outer loop
     vertex  2.005416e+02 -2.221948e+01  4.825000e+02
     vertex  1.999414e+02 -2.189955e+01  4.825000e+02
     vertex  2.003002e+02 -2.209334e+01  2.800000e+02
   endloop
 endfacet
 facet normal -4.558231e-01 -8.900704e-01 -1.112487e-05
   outer loop
     vertex  2.005416e+02 -2.221948e+01  4.825000e+02
     vertex  2.003002e+02 -2.209334e+01  2.800000e+02
     vertex  2.009108e+02 -2.240599e+01  2.800000e+02
   endloop
 endfacet
 facet normal -4.312333e-01 -9.022405e-01 -1.104119e-05
   outer loop
     vertex  2.011503e+02 -2.252297e+01  4.825000e+02
     vertex  2.009108e+02 -2.240599e+01  2.800000e+02
     vertex  2.015296e+02 -2.270178e+01  2.800000e+02
   endloop
 endfacet
 facet normal -4.462028e-01 -8.949319e-01  1.088943e-05
   outer loop
     vertex  2.011503e+02 -2.252297e+01  4.825000e+02
     vertex  2.005416e+02 -2.221948e+01  4.825000e+02
     vertex  2.009108e+02 -2.240599e+01  2.800000e+02
   endloop
 endfacet
 facet normal -4.063188e-01 -9.137314e-01 -1.095095e-05
   outer loop
     vertex  2.017670e+02 -2.280978e+01  4.825000e+02
     vertex  2.015296e+02 -2.270178e+01  2.800000e+02
     vertex  2.021564e+02 -2.298048e+01  2.800000e+02
   endloop
 endfacet
 facet normal -4.216923e-01 -9.067390e-01  1.080247e-05
   outer loop
     vertex  2.017670e+02 -2.280978e+01  4.825000e+02
     vertex  2.011503e+02 -2.252297e+01  4.825000e+02
     vertex  2.015296e+02 -2.270178e+01  2.800000e+02
   endloop
 endfacet
 facet normal -3.810986e-01 -9.245344e-01 -1.085414e-05
   outer loop
     vertex  2.023913e+02 -2.307972e+01  4.825000e+02
     vertex  2.021564e+02 -2.298048e+01  2.800000e+02
     vertex  2.027905e+02 -2.324189e+01  2.800000e+02
   endloop
 endfacet
 facet normal -3.968697e-01 -9.178750e-01  1.070894e-05
   outer loop
     vertex  2.023913e+02 -2.307972e+01  4.825000e+02
     vertex  2.017670e+02 -2.280978e+01  4.825000e+02
     vertex  2.021564e+02 -2.298048e+01  2.800000e+02
   endloop
 endfacet
 facet normal -3.717533e-01 -9.283315e-01  1.060886e-05
   outer loop
     vertex  2.030227e+02 -2.333257e+01  4.825000e+02
     vertex  2.023913e+02 -2.307972e+01  4.825000e+02
     vertex  2.027905e+02 -2.324189e+01  2.800000e+02
   endloop
 endfacet
 facet normal -3.555914e-01 -9.346415e-01 -1.075077e-05
   outer loop
     vertex  2.030227e+02 -2.333257e+01  4.825000e+02
     vertex  2.027905e+02 -2.324189e+01  2.800000e+02
     vertex  2.034316e+02 -2.348579e+01  2.800000e+02
   endloop
 endfacet
 facet normal -3.463618e-01 -9.381010e-01  1.050221e-05
   outer loop
     vertex  2.036608e+02 -2.356814e+01  4.825000e+02
     vertex  2.030227e+02 -2.333257e+01  4.825000e+02
     vertex  2.034316e+02 -2.348579e+01  2.800000e+02
   endloop
 endfacet
 facet normal -3.298166e-01 -9.440450e-01 -1.064084e-05
   outer loop
     vertex  2.036608e+02 -2.356814e+01  4.825000e+02
     vertex  2.034316e+02 -2.348579e+01  2.800000e+02
     vertex  2.040791e+02 -2.371202e+01  2.800000e+02
   endloop
 endfacet
 facet normal -3.207139e-01 -9.471761e-01  1.038899e-05
   outer loop
     vertex  2.043050e+02 -2.378628e+01  4.825000e+02
     vertex  2.036608e+02 -2.356814e+01  4.825000e+02
     vertex  2.040791e+02 -2.371202e+01  2.800000e+02
   endloop
 endfacet
 facet normal -3.037934e-01 -9.527379e-01 -1.052435e-05
   outer loop
     vertex  2.043050e+02 -2.378628e+01  4.825000e+02
     vertex  2.040791e+02 -2.371202e+01  2.800000e+02
     vertex  2.047326e+02 -2.392039e+01  2.800000e+02
   endloop
 endfacet
 facet normal -2.948287e-01 -9.555501e-01  1.026922e-05
   outer loop
     vertex  2.049549e+02 -2.398681e+01  4.825000e+02
     vertex  2.043050e+02 -2.378628e+01  4.825000e+02
     vertex  2.047326e+02 -2.392039e+01  2.800000e+02
   endloop
 endfacet
 facet normal -2.775416e-01 -9.607136e-01 -1.040129e-05
   outer loop
     vertex  2.049549e+02 -2.398681e+01  4.825000e+02
     vertex  2.047326e+02 -2.392039e+01  2.800000e+02
     vertex  2.053916e+02 -2.411077e+01  2.800000e+02
   endloop
 endfacet
 facet normal -2.687252e-01 -9.632169e-01  1.014288e-05
   outer loop
     vertex  2.056101e+02 -2.416958e+01  4.825000e+02
     vertex  2.049549e+02 -2.398681e+01  4.825000e+02
     vertex  2.053916e+02 -2.411077e+01  2.800000e+02
   endloop
 endfacet
 facet normal -2.510809e-01 -9.679661e-01 -1.027167e-05
   outer loop
     vertex  2.056101e+02 -2.416958e+01  4.825000e+02
     vertex  2.053916e+02 -2.411077e+01  2.800000e+02
     vertex  2.060555e+02 -2.428299e+01  2.800000e+02
   endloop
 endfacet
 facet normal -2.424228e-01 -9.701707e-01  1.000998e-05
   outer loop
     vertex  2.062699e+02 -2.433447e+01  4.825000e+02
     vertex  2.056101e+02 -2.416958e+01  4.825000e+02
     vertex  2.060555e+02 -2.428299e+01  2.800000e+02
   endloop
 endfacet
 facet normal -2.244312e-01 -9.744899e-01 -1.013549e-05
   outer loop
     vertex  2.062699e+02 -2.433447e+01  4.825000e+02
     vertex  2.060555e+02 -2.428299e+01  2.800000e+02
     vertex  2.067240e+02 -2.443693e+01  2.800000e+02
   endloop
 endfacet
 facet normal -2.159410e-01 -9.764064e-01  9.870516e-06
   outer loop
     vertex  2.069340e+02 -2.448134e+01  4.825000e+02
     vertex  2.062699e+02 -2.433447e+01  4.825000e+02
     vertex  2.067240e+02 -2.443693e+01  2.800000e+02
   endloop
 endfacet
 facet normal -1.976125e-01 -9.802802e-01 -9.992744e-06
   outer loop
     vertex  2.069340e+02 -2.448134e+01  4.825000e+02
     vertex  2.067240e+02 -2.443693e+01  2.800000e+02
     vertex  2.073963e+02 -2.457247e+01  2.800000e+02
   endloop
 endfacet
 facet normal -1.892993e-01 -9.819194e-01  9.724490e-06
   outer loop
     vertex  2.076019e+02 -2.461009e+01  4.825000e+02
     vertex  2.069340e+02 -2.448134e+01  4.825000e+02
     vertex  2.073963e+02 -2.457247e+01  2.800000e+02
   endloop
 endfacet
 facet normal -1.706451e-01 -9.853326e-01 -9.843437e-06
   outer loop
     vertex  2.076019e+02 -2.461009e+01  4.825000e+02
     vertex  2.073963e+02 -2.457247e+01  2.800000e+02
     vertex  2.080722e+02 -2.468952e+01  2.800000e+02
   endloop
 endfacet
 facet normal -1.625175e-01 -9.867057e-01  9.571902e-06
   outer loop
     vertex  2.082730e+02 -2.472063e+01  4.825000e+02
     vertex  2.076019e+02 -2.461009e+01  4.825000e+02
     vertex  2.080722e+02 -2.468952e+01  2.800000e+02
   endloop
 endfacet
 facet normal -1.435492e-01 -9.896432e-01 -9.687567e-06
   outer loop
     vertex  2.082730e+02 -2.472063e+01  4.825000e+02
     vertex  2.080722e+02 -2.468952e+01  2.800000e+02
     vertex  2.087510e+02 -2.478798e+01  2.800000e+02
   endloop
 endfacet
 facet normal -1.163452e-01 -9.932088e-01 -9.525135e-06
   outer loop
     vertex  2.089469e+02 -2.481287e+01  4.825000e+02
     vertex  2.087510e+02 -2.478798e+01  2.800000e+02
     vertex  2.094323e+02 -2.486779e+01  2.800000e+02
   endloop
 endfacet
 facet normal -1.356155e-01 -9.907615e-01  9.412751e-06
   outer loop
     vertex  2.089469e+02 -2.481287e+01  4.825000e+02
     vertex  2.082730e+02 -2.472063e+01  4.825000e+02
     vertex  2.087510e+02 -2.478798e+01  2.800000e+02
   endloop
 endfacet
 facet normal -8.905371e-02 -9.960268e-01 -9.356140e-06
   outer loop
     vertex  2.096230e+02 -2.488674e+01  4.825000e+02
     vertex  2.094323e+02 -2.486779e+01  2.800000e+02
     vertex  2.101155e+02 -2.492887e+01  2.800000e+02
   endloop
 endfacet
 facet normal -1.086130e-01 -9.940841e-01  9.247037e-06
   outer loop
     vertex  2.096230e+02 -2.488674e+01  4.825000e+02
     vertex  2.089469e+02 -2.481287e+01  4.825000e+02
     vertex  2.094323e+02 -2.486779e+01  2.800000e+02
   endloop
 endfacet
 facet normal -6.169515e-02 -9.980950e-01 -9.180582e-06
   outer loop
     vertex  2.103009e+02 -2.494219e+01  4.825000e+02
     vertex  2.101155e+02 -2.492887e+01  2.800000e+02
     vertex  2.108001e+02 -2.497119e+01  2.800000e+02
   endloop
 endfacet
 facet normal -8.153019e-02 -9.966709e-01  9.074760e-06
   outer loop
     vertex  2.103009e+02 -2.494219e+01  4.825000e+02
     vertex  2.096230e+02 -2.488674e+01  4.825000e+02
     vertex  2.101155e+02 -2.492887e+01  2.800000e+02
   endloop
 endfacet
 facet normal -3.429014e-02 -9.994119e-01 -8.998461e-06
   outer loop
     vertex  2.109800e+02 -2.497918e+01  4.825000e+02
     vertex  2.108001e+02 -2.497119e+01  2.800000e+02
     vertex  2.114856e+02 -2.499471e+01  2.800000e+02
   endloop
 endfacet
 facet normal -5.438701e-02 -9.985199e-01  8.895921e-06
   outer loop
     vertex  2.109800e+02 -2.497918e+01  4.825000e+02
     vertex  2.103009e+02 -2.494219e+01  4.825000e+02
     vertex  2.108001e+02 -2.497119e+01  2.800000e+02
   endloop
 endfacet
 facet normal -6.859319e-03 -9.999765e-01 -8.809778e-06
   outer loop
     vertex  2.116599e+02 -2.499769e+01  4.825000e+02
     vertex  2.114856e+02 -2.499471e+01  2.800000e+02
     vertex  2.121715e+02 -2.499941e+01  2.800000e+02
   endloop
 endfacet
 facet normal -2.720357e-02 -9.996299e-01  8.710520e-06
   outer loop
     vertex  2.116599e+02 -2.499769e+01  4.825000e+02
     vertex  2.109800e+02 -2.497918e+01  4.825000e+02
     vertex  2.114856e+02 -2.499471e+01  2.800000e+02
   endloop
 endfacet
 facet normal  2.057667e-02 -9.997883e-01 -8.614533e-06
   outer loop
     vertex  2.123401e+02 -2.499769e+01  4.825000e+02
     vertex  2.121715e+02 -2.499941e+01  2.800000e+02
     vertex  2.128573e+02 -2.498530e+01  2.800000e+02
   endloop
 endfacet
 facet normal -1.044682e-14 -1.000000e+00  8.518555e-06
   outer loop
     vertex  2.123401e+02 -2.499769e+01  4.825000e+02
     vertex  2.116599e+02 -2.499769e+01  4.825000e+02
     vertex  2.121715e+02 -2.499941e+01  2.800000e+02
   endloop
 endfacet
 facet normal  4.799716e-02 -9.988475e-01 -8.412725e-06
   outer loop
     vertex  2.130200e+02 -2.497918e+01  4.825000e+02
     vertex  2.128573e+02 -2.498530e+01  2.800000e+02
     vertex  2.135424e+02 -2.495238e+01  2.800000e+02
   endloop
 endfacet
 facet normal  2.720357e-02 -9.996299e-01  8.320028e-06
   outer loop
     vertex  2.130200e+02 -2.497918e+01  4.825000e+02
     vertex  2.123401e+02 -2.499769e+01  4.825000e+02
     vertex  2.128573e+02 -2.498530e+01  2.800000e+02
   endloop
 endfacet
 facet normal  7.538152e-02 -9.971548e-01 -8.204354e-06
   outer loop
     vertex  2.136991e+02 -2.494219e+01  4.825000e+02
     vertex  2.135424e+02 -2.495238e+01  2.800000e+02
     vertex  2.142263e+02 -2.490067e+01  2.800000e+02
   endloop
 endfacet
 facet normal  5.438701e-02 -9.985199e-01  8.114939e-06
   outer loop
     vertex  2.136991e+02 -2.494219e+01  4.825000e+02
     vertex  2.130200e+02 -2.497918e+01  4.825000e+02
     vertex  2.135424e+02 -2.495238e+01  2.800000e+02
   endloop
 endfacet
 facet normal  1.027091e-01 -9.947114e-01 -7.989421e-06
   outer loop
     vertex  2.143770e+02 -2.488674e+01  4.825000e+02
     vertex  2.142263e+02 -2.490067e+01  2.800000e+02
     vertex  2.149086e+02 -2.483022e+01  2.800000e+02
   endloop
 endfacet
 facet normal  8.153019e-02 -9.966709e-01  7.903287e-06
   outer loop
     vertex  2.143770e+02 -2.488674e+01  4.825000e+02
     vertex  2.136991e+02 -2.494219e+01  4.825000e+02
     vertex  2.142263e+02 -2.490067e+01  2.800000e+02
   endloop
 endfacet
 facet normal  1.299594e-01 -9.915193e-01 -7.767925e-06
   outer loop
     vertex  2.150531e+02 -2.481287e+01  4.825000e+02
     vertex  2.149086e+02 -2.483022e+01  2.800000e+02
     vertex  2.155887e+02 -2.474108e+01  2.800000e+02
   endloop
 endfacet
 facet normal  1.086130e-01 -9.940841e-01  7.685072e-06
   outer loop
     vertex  2.150531e+02 -2.481287e+01  4.825000e+02
     vertex  2.143770e+02 -2.488674e+01  4.825000e+02
     vertex  2.149086e+02 -2.483022e+01  2.800000e+02
   endloop
 endfacet
 facet normal  1.571119e-01 -9.875808e-01 -7.539866e-06
   outer loop
     vertex  2.157270e+02 -2.472063e+01  4.825000e+02
     vertex  2.155887e+02 -2.474108e+01  2.800000e+02
     vertex  2.162661e+02 -2.463331e+01  2.800000e+02
   endloop
 endfacet
 facet normal  1.356155e-01 -9.907615e-01  7.460295e-06
   outer loop
     vertex  2.157270e+02 -2.472063e+01  4.825000e+02
     vertex  2.150531e+02 -2.481287e+01  4.825000e+02
     vertex  2.155887e+02 -2.474108e+01  2.800000e+02
   endloop
 endfacet
 facet normal  1.841461e-01 -9.828989e-01 -7.305245e-06
   outer loop
     vertex  2.163981e+02 -2.461009e+01  4.825000e+02
     vertex  2.162661e+02 -2.463331e+01  2.800000e+02
     vertex  2.169403e+02 -2.450701e+01  2.800000e+02
   endloop
 endfacet
 facet normal  1.625175e-01 -9.867057e-01  7.228955e-06
   outer loop
     vertex  2.163981e+02 -2.461009e+01  4.825000e+02
     vertex  2.157270e+02 -2.472063e+01  4.825000e+02
     vertex  2.162661e+02 -2.463331e+01  2.800000e+02
   endloop
 endfacet
 facet normal  2.110417e-01 -9.774771e-01 -7.064062e-06
   outer loop
     vertex  2.170660e+02 -2.448134e+01  4.825000e+02
     vertex  2.169403e+02 -2.450701e+01  2.800000e+02
     vertex  2.176108e+02 -2.436225e+01  2.800000e+02
   endloop
 endfacet
 facet normal  1.892993e-01 -9.819194e-01  6.991053e-06
   outer loop
     vertex  2.170660e+02 -2.448134e+01  4.825000e+02
     vertex  2.163981e+02 -2.461009e+01  4.825000e+02
     vertex  2.169403e+02 -2.450701e+01  2.800000e+02
   endloop
 endfacet
 facet normal  2.377784e-01 -9.713194e-01 -6.816316e-06
   outer loop
     vertex  2.177301e+02 -2.433447e+01  4.825000e+02
     vertex  2.176108e+02 -2.436225e+01  2.800000e+02
     vertex  2.182770e+02 -2.419915e+01  2.800000e+02
   endloop
 endfacet
 facet normal  2.159410e-01 -9.764064e-01  6.746588e-06
   outer loop
     vertex  2.177301e+02 -2.433447e+01  4.825000e+02
     vertex  2.170660e+02 -2.448134e+01  4.825000e+02
     vertex  2.176108e+02 -2.436225e+01  2.800000e+02
   endloop
 endfacet
 facet normal  2.643362e-01 -9.644306e-01 -6.562007e-06
   outer loop
     vertex  2.183899e+02 -2.416958e+01  4.825000e+02
     vertex  2.182770e+02 -2.419915e+01  2.800000e+02
     vertex  2.189385e+02 -2.401784e+01  2.800000e+02
   endloop
 endfacet
 facet normal  2.424228e-01 -9.701707e-01  6.495561e-06
   outer loop
     vertex  2.183899e+02 -2.416958e+01  4.825000e+02
     vertex  2.177301e+02 -2.433447e+01  4.825000e+02
     vertex  2.182770e+02 -2.419915e+01  2.800000e+02
   endloop
 endfacet
 facet normal  2.906949e-01 -9.568158e-01 -6.301136e-06
   outer loop
     vertex  2.190451e+02 -2.398681e+01  4.825000e+02
     vertex  2.189385e+02 -2.401784e+01  2.800000e+02
     vertex  2.195948e+02 -2.381845e+01  2.800000e+02
   endloop
 endfacet
 facet normal  2.687252e-01 -9.632169e-01  6.237971e-06
   outer loop
     vertex  2.190451e+02 -2.398681e+01  4.825000e+02
     vertex  2.183899e+02 -2.416958e+01  4.825000e+02
     vertex  2.189385e+02 -2.401784e+01  2.800000e+02
   endloop
 endfacet
 facet normal  3.168348e-01 -9.484807e-01 -6.033703e-06
   outer loop
     vertex  2.196950e+02 -2.378628e+01  4.825000e+02
     vertex  2.195948e+02 -2.381845e+01  2.800000e+02
     vertex  2.202454e+02 -2.360113e+01  2.800000e+02
   endloop
 endfacet
 facet normal  2.948287e-01 -9.555501e-01  5.973819e-06
   outer loop
     vertex  2.196950e+02 -2.378628e+01  4.825000e+02
     vertex  2.190451e+02 -2.398681e+01  4.825000e+02
     vertex  2.195948e+02 -2.381845e+01  2.800000e+02
   endloop
 endfacet
 facet normal  3.207139e-01 -9.471761e-01  5.703104e-06
   outer loop
     vertex  2.203392e+02 -2.356814e+01  4.825000e+02
     vertex  2.196950e+02 -2.378628e+01  4.825000e+02
     vertex  2.202454e+02 -2.360113e+01  2.800000e+02
   endloop
 endfacet
 facet normal  3.427362e-01 -9.394317e-01 -5.759707e-06
   outer loop
     vertex  2.203392e+02 -2.356814e+01  4.825000e+02
     vertex  2.202454e+02 -2.360113e+01  2.800000e+02
     vertex  2.208898e+02 -2.336604e+01  2.800000e+02
   endloop
 endfacet
 facet normal  3.463618e-01 -9.381010e-01  5.425827e-06
   outer loop
     vertex  2.209773e+02 -2.333257e+01  4.825000e+02
     vertex  2.203392e+02 -2.356814e+01  4.825000e+02
     vertex  2.208898e+02 -2.336604e+01  2.800000e+02
   endloop
 endfacet
 facet normal  3.683796e-01 -9.296754e-01 -5.479149e-06
   outer loop
     vertex  2.209773e+02 -2.333257e+01  4.825000e+02
     vertex  2.208898e+02 -2.336604e+01  2.800000e+02
     vertex  2.215275e+02 -2.311336e+01  2.800000e+02
   endloop
 endfacet
 facet normal  3.717533e-01 -9.283315e-01  5.141988e-06
   outer loop
     vertex  2.216087e+02 -2.307972e+01  4.825000e+02
     vertex  2.209773e+02 -2.333257e+01  4.825000e+02
     vertex  2.215275e+02 -2.311336e+01  2.800000e+02
   endloop
 endfacet
 facet normal  3.937458e-01 -9.192194e-01 -5.192028e-06
   outer loop
     vertex  2.216087e+02 -2.307972e+01  4.825000e+02
     vertex  2.215275e+02 -2.311336e+01  2.800000e+02
     vertex  2.221580e+02 -2.284328e+01  2.800000e+02
   endloop
 endfacet
 facet normal  3.968697e-01 -9.178750e-01  4.851586e-06
   outer loop
     vertex  2.222330e+02 -2.280978e+01  4.825000e+02
     vertex  2.216087e+02 -2.307972e+01  4.825000e+02
     vertex  2.221580e+02 -2.284328e+01  2.800000e+02
   endloop
 endfacet
 facet normal  4.188155e-01 -9.080714e-01 -4.898345e-06
   outer loop
     vertex  2.222330e+02 -2.280978e+01  4.825000e+02
     vertex  2.221580e+02 -2.284328e+01  2.800000e+02
     vertex  2.227808e+02 -2.255601e+01  2.800000e+02
   endloop
 endfacet
 facet normal  4.216923e-01 -9.067390e-01  4.554622e-06
   outer loop
     vertex  2.228497e+02 -2.252297e+01  4.825000e+02
     vertex  2.222330e+02 -2.280978e+01  4.825000e+02
     vertex  2.227808e+02 -2.255601e+01  2.800000e+02
   endloop
 endfacet
 facet normal  4.435699e-01 -8.962398e-01 -4.598099e-06
   outer loop
     vertex  2.228497e+02 -2.252297e+01  4.825000e+02
     vertex  2.227808e+02 -2.255601e+01  2.800000e+02
     vertex  2.233956e+02 -2.225176e+01  2.800000e+02
   endloop
 endfacet
 facet normal  4.679904e-01 -8.837335e-01 -4.291291e-06
   outer loop
     vertex  2.234584e+02 -2.221948e+01  4.825000e+02
     vertex  2.233956e+02 -2.225176e+01  2.800000e+02
     vertex  2.240017e+02 -2.193076e+01  2.800000e+02
   endloop
 endfacet
 facet normal  4.462028e-01 -8.949319e-01  4.251095e-06
   outer loop
     vertex  2.234584e+02 -2.221948e+01  4.825000e+02
     vertex  2.228497e+02 -2.252297e+01  4.825000e+02
     vertex  2.233956e+02 -2.225176e+01  2.800000e+02
   endloop
 endfacet
 facet normal  4.920587e-01 -8.705620e-01 -3.977921e-06
   outer loop
     vertex  2.240586e+02 -2.189955e+01  4.825000e+02
     vertex  2.240017e+02 -2.193076e+01  2.800000e+02
     vertex  2.245989e+02 -2.159325e+01  2.800000e+02
   endloop
 endfacet
 facet normal  4.703830e-01 -8.824624e-01  3.941006e-06
   outer loop
     vertex  2.240586e+02 -2.189955e+01  4.825000e+02
     vertex  2.234584e+02 -2.221948e+01  4.825000e+02
     vertex  2.240017e+02 -2.193076e+01  2.800000e+02
   endloop
 endfacet
 facet normal  5.157565e-01 -8.567352e-01 -3.657989e-06
   outer loop
     vertex  2.246499e+02 -2.156341e+01  4.825000e+02
     vertex  2.245989e+02 -2.159325e+01  2.800000e+02
     vertex  2.251865e+02 -2.123948e+01  2.800000e+02
   endloop
 endfacet
 facet normal  4.942150e-01 -8.693397e-01  3.624354e-06
   outer loop
     vertex  2.246499e+02 -2.156341e+01  4.825000e+02
     vertex  2.240586e+02 -2.189955e+01  4.825000e+02
     vertex  2.245989e+02 -2.159325e+01  2.800000e+02
   endloop
 endfacet
 facet normal  5.390661e-01 -8.422635e-01 -3.331494e-06
   outer loop
     vertex  2.252318e+02 -2.121131e+01  4.825000e+02
     vertex  2.251865e+02 -2.123948e+01  2.800000e+02
     vertex  2.257642e+02 -2.086973e+01  2.800000e+02
   endloop
 endfacet
 facet normal  5.176813e-01 -8.555735e-01  3.301141e-06
   outer loop
     vertex  2.252318e+02 -2.121131e+01  4.825000e+02
     vertex  2.246499e+02 -2.156341e+01  4.825000e+02
     vertex  2.251865e+02 -2.123948e+01  2.800000e+02
   endloop
 endfacet
 facet normal  5.619699e-01 -8.271577e-01 -2.998436e-06
   outer loop
     vertex  2.258039e+02 -2.084351e+01  4.825000e+02
     vertex  2.257642e+02 -2.086973e+01  2.800000e+02
     vertex  2.263316e+02 -2.048426e+01  2.800000e+02
   endloop
 endfacet
 facet normal  5.407644e-01 -8.411741e-01  2.971365e-06
   outer loop
     vertex  2.258039e+02 -2.084351e+01  4.825000e+02
     vertex  2.252318e+02 -2.121131e+01  4.825000e+02
     vertex  2.257642e+02 -2.086973e+01  2.800000e+02
   endloop
 endfacet
 facet normal  5.844507e-01 -8.114292e-01 -2.658817e-06
   outer loop
     vertex  2.263658e+02 -2.046028e+01  4.825000e+02
     vertex  2.263316e+02 -2.048426e+01  2.800000e+02
     vertex  2.268882e+02 -2.008338e+01  2.800000e+02
   endloop
 endfacet
 facet normal  5.634472e-01 -8.261521e-01  2.635026e-06
   outer loop
     vertex  2.263658e+02 -2.046028e+01  4.825000e+02
     vertex  2.258039e+02 -2.084351e+01  4.825000e+02
     vertex  2.263316e+02 -2.048426e+01  2.800000e+02
   endloop
 endfacet
 facet normal  6.064915e-01 -7.950900e-01 -2.312635e-06
   outer loop
     vertex  2.269171e+02 -2.006190e+01  4.825000e+02
     vertex  2.268882e+02 -2.008338e+01  2.800000e+02
     vertex  2.274335e+02 -1.966738e+01  2.800000e+02
   endloop
 endfacet
 facet normal  5.857129e-01 -8.105186e-01  2.292126e-06
   outer loop
     vertex  2.269171e+02 -2.006190e+01  4.825000e+02
     vertex  2.263658e+02 -2.046028e+01  4.825000e+02
     vertex  2.268882e+02 -2.008338e+01  2.800000e+02
   endloop
 endfacet
 facet normal  6.280757e-01 -7.781522e-01 -1.959891e-06
   outer loop
     vertex  2.274573e+02 -1.964868e+01  4.825000e+02
     vertex  2.274335e+02 -1.966738e+01  2.800000e+02
     vertex  2.279673e+02 -1.923657e+01  2.800000e+02
   endloop
 endfacet
 facet normal  6.075452e-01 -7.942851e-01  1.942663e-06
   outer loop
     vertex  2.274573e+02 -1.964868e+01  4.825000e+02
     vertex  2.269171e+02 -2.006190e+01  4.825000e+02
     vertex  2.274335e+02 -1.966738e+01  2.800000e+02
   endloop
 endfacet
 facet normal  6.491872e-01 -7.606287e-01 -1.600585e-06
   outer loop
     vertex  2.279861e+02 -1.922091e+01  4.825000e+02
     vertex  2.279673e+02 -1.923657e+01  2.800000e+02
     vertex  2.284890e+02 -1.879128e+01  2.800000e+02
   endloop
 endfacet
 facet normal  6.289277e-01 -7.774638e-01  1.586638e-06
   outer loop
     vertex  2.279861e+02 -1.922091e+01  4.825000e+02
     vertex  2.274573e+02 -1.964868e+01  4.825000e+02
     vertex  2.279673e+02 -1.923657e+01  2.800000e+02
   endloop
 endfacet
 facet normal  6.698100e-01 -7.425325e-01 -1.234716e-06
   outer loop
     vertex  2.285031e+02 -1.877892e+01  4.825000e+02
     vertex  2.284890e+02 -1.879128e+01  2.800000e+02
     vertex  2.289983e+02 -1.833185e+01  2.800000e+02
   endloop
 endfacet
 facet normal  6.498448e-01 -7.600670e-01  1.224050e-06
   outer loop
     vertex  2.285031e+02 -1.877892e+01  4.825000e+02
     vertex  2.279861e+02 -1.922091e+01  4.825000e+02
     vertex  2.284890e+02 -1.879128e+01  2.800000e+02
   endloop
 endfacet
 facet normal  6.899286e-01 -7.238775e-01 -8.622858e-07
   outer loop
     vertex  2.290078e+02 -1.832303e+01  4.825000e+02
     vertex  2.289983e+02 -1.833185e+01  2.800000e+02
     vertex  2.294949e+02 -1.785862e+01  2.800000e+02
   endloop
 endfacet
 facet normal  6.702808e-01 -7.421076e-01  8.549006e-07
   outer loop
     vertex  2.290078e+02 -1.832303e+01  4.825000e+02
     vertex  2.285031e+02 -1.877892e+01  4.825000e+02
     vertex  2.289983e+02 -1.833185e+01  2.800000e+02
   endloop
 endfacet
 facet normal  7.095278e-01 -7.046775e-01 -4.832929e-07
   outer loop
     vertex  2.295000e+02 -1.785357e+01  4.825000e+02
     vertex  2.294949e+02 -1.785862e+01  2.800000e+02
     vertex  2.299782e+02 -1.737194e+01  2.800000e+02
   endloop
 endfacet
 facet normal  6.902207e-01 -7.235989e-01  4.791889e-07
   outer loop
     vertex  2.295000e+02 -1.785357e+01  4.825000e+02
     vertex  2.290078e+02 -1.832303e+01  4.825000e+02
     vertex  2.294949e+02 -1.785862e+01  2.800000e+02
   endloop
 endfacet
 facet normal  7.097275e-01 -7.044764e-01  0.000000e+00
   outer loop
     vertex  2.299830e+02 -1.736693e+01  5.000000e+02
     vertex  2.295000e+02 -1.785357e+01  5.000000e+02
     vertex  2.295000e+02 -1.785357e+01  4.825000e+02
   endloop
 endfacet
 facet normal  7.285929e-01 -6.849470e-01 -4.296669e-07
   outer loop
     vertex  2.299830e+02 -1.736693e+01  5.000000e+02
     vertex  2.299782e+02 -1.737194e+01  2.800000e+02
     vertex  2.304480e+02 -1.687219e+01  2.800000e+02
   endloop
 endfacet
 facet normal  7.097197e-01 -7.044841e-01  4.298567e-07
   outer loop
     vertex  2.299830e+02 -1.736693e+01  5.000000e+02
     vertex  2.295000e+02 -1.785357e+01  4.825000e+02
     vertex  2.299782e+02 -1.737194e+01  2.800000e+02
   endloop
 endfacet
 facet normal  7.471095e-01 -6.647010e-01 -4.144733e-07
   outer loop
     vertex  2.304525e+02 -1.686723e+01  5.000000e+02
     vertex  2.304480e+02 -1.687219e+01  2.800000e+02
     vertex  2.309039e+02 -1.635973e+01  2.800000e+02
   endloop
 endfacet
 facet normal  7.287802e-01 -6.847477e-01  4.143216e-07
   outer loop
     vertex  2.304525e+02 -1.686723e+01  5.000000e+02
     vertex  2.299830e+02 -1.736693e+01  5.000000e+02
     vertex  2.304480e+02 -1.687219e+01  2.800000e+02
   endloop
 endfacet
 facet normal  7.650637e-01 -6.439545e-01 -3.992685e-07
   outer loop
     vertex  2.309082e+02 -1.635485e+01  5.000000e+02
     vertex  2.309039e+02 -1.635973e+01  2.800000e+02
     vertex  2.313456e+02 -1.583496e+01  2.800000e+02
   endloop
 endfacet
 facet normal  7.472847e-01 -6.645041e-01  3.991225e-07
   outer loop
     vertex  2.309082e+02 -1.635485e+01  5.000000e+02
     vertex  2.304525e+02 -1.686723e+01  5.000000e+02
     vertex  2.309039e+02 -1.635973e+01  2.800000e+02
   endloop
 endfacet
 facet normal  7.824421e-01 -6.227234e-01 -3.840525e-07
   outer loop
     vertex  2.313496e+02 -1.583015e+01  5.000000e+02
     vertex  2.313456e+02 -1.583496e+01  2.800000e+02
     vertex  2.317728e+02 -1.529827e+01  2.800000e+02
   endloop
 endfacet
 facet normal  7.652270e-01 -6.437605e-01  3.839121e-07
   outer loop
     vertex  2.313496e+02 -1.583015e+01  5.000000e+02
     vertex  2.309082e+02 -1.635485e+01  5.000000e+02
     vertex  2.313456e+02 -1.583496e+01  2.800000e+02
   endloop
 endfacet
 facet normal  7.992314e-01 -6.010234e-01 -3.688253e-07
   outer loop
     vertex  2.317764e+02 -1.529356e+01  5.000000e+02
     vertex  2.317728e+02 -1.529827e+01  2.800000e+02
     vertex  2.321850e+02 -1.475007e+01  2.800000e+02
   endloop
 endfacet
 facet normal  7.825938e-01 -6.225327e-01  3.686904e-07
   outer loop
     vertex  2.317764e+02 -1.529356e+01  5.000000e+02
     vertex  2.313496e+02 -1.583015e+01  5.000000e+02
     vertex  2.317728e+02 -1.529827e+01  2.800000e+02
   endloop
 endfacet
 facet normal  8.154191e-01 -5.788711e-01 -3.535868e-07
   outer loop
     vertex  2.321884e+02 -1.474545e+01  5.000000e+02
     vertex  2.321850e+02 -1.475007e+01  2.800000e+02
     vertex  2.325821e+02 -1.419076e+01  2.800000e+02
   endloop
 endfacet
 facet normal  7.993718e-01 -6.008366e-01  3.534575e-07
   outer loop
     vertex  2.321884e+02 -1.474545e+01  5.000000e+02
     vertex  2.317764e+02 -1.529356e+01  5.000000e+02
     vertex  2.321850e+02 -1.475007e+01  2.800000e+02
   endloop
 endfacet
 facet normal  8.309929e-01 -5.562829e-01 -3.383370e-07
   outer loop
     vertex  2.325852e+02 -1.418626e+01  5.000000e+02
     vertex  2.325821e+02 -1.419076e+01  2.800000e+02
     vertex  2.329637e+02 -1.362077e+01  2.800000e+02
   endloop
 endfacet
 facet normal  8.155486e-01 -5.786886e-01  3.382134e-07
   outer loop
     vertex  2.325852e+02 -1.418626e+01  5.000000e+02
     vertex  2.321884e+02 -1.474545e+01  5.000000e+02
     vertex  2.325821e+02 -1.419076e+01  2.800000e+02
   endloop
 endfacet
 facet normal  8.459413e-01 -5.332761e-01 -3.230761e-07
   outer loop
     vertex  2.329665e+02 -1.361639e+01  5.000000e+02
     vertex  2.329637e+02 -1.362077e+01  2.800000e+02
     vertex  2.333294e+02 -1.304053e+01  2.800000e+02
   endloop
 endfacet
 facet normal  8.311119e-01 -5.561053e-01  3.229581e-07
   outer loop
     vertex  2.329665e+02 -1.361639e+01  5.000000e+02
     vertex  2.325852e+02 -1.418626e+01  5.000000e+02
     vertex  2.329637e+02 -1.362077e+01  2.800000e+02
   endloop
 endfacet
 facet normal  8.460500e-01 -5.331036e-01  3.076915e-07
   outer loop
     vertex  2.333320e+02 -1.303628e+01  5.000000e+02
     vertex  2.329665e+02 -1.361639e+01  5.000000e+02
     vertex  2.333294e+02 -1.304053e+01  2.800000e+02
   endloop
 endfacet
 facet normal  8.602528e-01 -5.098678e-01 -3.078039e-07
   outer loop
     vertex  2.333320e+02 -1.303628e+01  5.000000e+02
     vertex  2.333294e+02 -1.304053e+01  2.800000e+02
     vertex  2.336792e+02 -1.245046e+01  2.800000e+02
   endloop
 endfacet
 facet normal  8.603516e-01 -5.097009e-01  2.924137e-07
   outer loop
     vertex  2.336815e+02 -1.244637e+01  5.000000e+02
     vertex  2.333320e+02 -1.303628e+01  5.000000e+02
     vertex  2.336792e+02 -1.245046e+01  2.800000e+02
   endloop
 endfacet
 facet normal  8.739167e-01 -4.860756e-01 -2.925204e-07
   outer loop
     vertex  2.336815e+02 -1.244637e+01  5.000000e+02
     vertex  2.336792e+02 -1.245046e+01  2.800000e+02
     vertex  2.340126e+02 -1.185103e+01  2.800000e+02
   endloop
 endfacet
 facet normal  8.740062e-01 -4.859149e-01  2.771246e-07
   outer loop
     vertex  2.340147e+02 -1.184709e+01  5.000000e+02
     vertex  2.336815e+02 -1.244637e+01  5.000000e+02
     vertex  2.340126e+02 -1.185103e+01  2.800000e+02
   endloop
 endfacet
 facet normal  8.869228e-01 -4.619176e-01 -2.772257e-07
   outer loop
     vertex  2.340147e+02 -1.184709e+01  5.000000e+02
     vertex  2.340126e+02 -1.185103e+01  2.800000e+02
     vertex  2.343294e+02 -1.124268e+01  2.800000e+02
   endloop
 endfacet
 facet normal  8.870032e-01 -4.617633e-01  2.618243e-07
   outer loop
     vertex  2.343313e+02 -1.123890e+01  5.000000e+02
     vertex  2.340147e+02 -1.184709e+01  5.000000e+02
     vertex  2.343294e+02 -1.124268e+01  2.800000e+02
   endloop
 endfacet
 facet normal  8.992613e-01 -4.374119e-01 -2.619198e-07
   outer loop
     vertex  2.343313e+02 -1.123890e+01  5.000000e+02
     vertex  2.343294e+02 -1.124268e+01  2.800000e+02
     vertex  2.346294e+02 -1.062586e+01  2.800000e+02
   endloop
 endfacet
 facet normal  8.993330e-01 -4.372643e-01  2.465128e-07
   outer loop
     vertex  2.346311e+02 -1.062226e+01  5.000000e+02
     vertex  2.343313e+02 -1.123890e+01  5.000000e+02
     vertex  2.346294e+02 -1.062586e+01  2.800000e+02
   endloop
 endfacet
 facet normal  9.109228e-01 -4.125769e-01 -2.466027e-07
   outer loop
     vertex  2.346311e+02 -1.062226e+01  5.000000e+02
     vertex  2.346294e+02 -1.062586e+01  2.800000e+02
     vertex  2.349124e+02 -1.000104e+01  2.800000e+02
   endloop
 endfacet
 facet normal  9.109864e-01 -4.124364e-01  2.311900e-07
   outer loop
     vertex  2.349139e+02 -9.997625e+00  5.000000e+02
     vertex  2.346311e+02 -1.062226e+01  5.000000e+02
     vertex  2.349124e+02 -1.000104e+01  2.800000e+02
   endloop
 endfacet
 facet normal  9.218986e-01 -3.874313e-01 -2.312743e-07
   outer loop
     vertex  2.349139e+02 -9.997625e+00  5.000000e+02
     vertex  2.349124e+02 -1.000104e+01  2.800000e+02
     vertex  2.351782e+02 -9.368698e+00  2.800000e+02
   endloop
 endfacet
 facet normal  9.219544e-01 -3.872983e-01  2.158560e-07
   outer loop
     vertex  2.351795e+02 -9.365471e+00  5.000000e+02
     vertex  2.349139e+02 -9.997625e+00  5.000000e+02
     vertex  2.351782e+02 -9.368698e+00  2.800000e+02
   endloop
 endfacet
 facet normal  9.321804e-01 -3.619940e-01 -2.159347e-07
   outer loop
     vertex  2.351795e+02 -9.365471e+00  5.000000e+02
     vertex  2.351782e+02 -9.368698e+00  2.800000e+02
     vertex  2.354265e+02 -8.729301e+00  2.800000e+02
   endloop
 endfacet
 facet normal  9.322290e-01 -3.618689e-01  2.005108e-07
   outer loop
     vertex  2.354276e+02 -8.726272e+00  5.000000e+02
     vertex  2.351795e+02 -9.365471e+00  5.000000e+02
     vertex  2.354265e+02 -8.729301e+00  2.800000e+02
   endloop
 endfacet
 facet normal  9.417605e-01 -3.362843e-01 -2.005838e-07
   outer loop
     vertex  2.354276e+02 -8.726272e+00  5.000000e+02
     vertex  2.354265e+02 -8.729301e+00  2.800000e+02
     vertex  2.356571e+02 -8.083332e+00  2.800000e+02
   endloop
 endfacet
 facet normal  9.418023e-01 -3.361672e-01  1.851543e-07
   outer loop
     vertex  2.356581e+02 -8.080509e+00  5.000000e+02
     vertex  2.354276e+02 -8.726272e+00  5.000000e+02
     vertex  2.356571e+02 -8.083332e+00  2.800000e+02
   endloop
 endfacet
 facet normal  9.506317e-01 -3.103214e-01 -1.852217e-07
   outer loop
     vertex  2.356581e+02 -8.080509e+00  5.000000e+02
     vertex  2.356571e+02 -8.083332e+00  2.800000e+02
     vertex  2.358700e+02 -7.431279e+00  2.800000e+02
   endloop
 endfacet
 facet normal  9.506672e-01 -3.102127e-01  1.697866e-07
   outer loop
     vertex  2.358708e+02 -7.428668e+00  5.000000e+02
     vertex  2.356581e+02 -8.080509e+00  5.000000e+02
     vertex  2.358700e+02 -7.431279e+00  2.800000e+02
   endloop
 endfacet
 facet normal  9.587873e-01 -2.841250e-01 -1.698484e-07
   outer loop
     vertex  2.358708e+02 -7.428668e+00  5.000000e+02
     vertex  2.358700e+02 -7.431279e+00  2.800000e+02
     vertex  2.360649e+02 -6.773632e+00  2.800000e+02
   endloop
 endfacet
 facet normal  9.588169e-01 -2.840248e-01  1.544076e-07
   outer loop
     vertex  2.360655e+02 -6.771239e+00  5.000000e+02
     vertex  2.358708e+02 -7.428668e+00  5.000000e+02
     vertex  2.360649e+02 -6.773632e+00  2.800000e+02
   endloop
 endfacet
 facet normal  9.662211e-01 -2.577146e-01 -1.544638e-07
   outer loop
     vertex  2.360655e+02 -6.771239e+00  5.000000e+02
     vertex  2.360649e+02 -6.773632e+00  2.800000e+02
     vertex  2.362416e+02 -6.110886e+00  2.800000e+02
   endloop
 endfacet
 facet normal  9.662454e-01 -2.576233e-01  1.390174e-07
   outer loop
     vertex  2.362422e+02 -6.108716e+00  5.000000e+02
     vertex  2.360655e+02 -6.771239e+00  5.000000e+02
     vertex  2.362416e+02 -6.110886e+00  2.800000e+02
   endloop
 endfacet
 facet normal  9.729276e-01 -2.311102e-01 -1.390680e-07
   outer loop
     vertex  2.362422e+02 -6.108716e+00  5.000000e+02
     vertex  2.362416e+02 -6.110886e+00  2.800000e+02
     vertex  2.364002e+02 -5.443539e+00  2.800000e+02
   endloop
 endfacet
 facet normal  9.789017e-01 -2.043319e-01 -1.236609e-07
   outer loop
     vertex  2.364006e+02 -5.441598e+00  5.000000e+02
     vertex  2.364002e+02 -5.443539e+00  2.800000e+02
     vertex  2.365403e+02 -4.772095e+00  2.800000e+02
   endloop
 endfacet
 facet normal  9.729471e-01 -2.310280e-01  1.236160e-07
   outer loop
     vertex  2.364006e+02 -5.441598e+00  5.000000e+02
     vertex  2.362422e+02 -6.108716e+00  5.000000e+02
     vertex  2.364002e+02 -5.443539e+00  2.800000e+02
   endloop
 endfacet
 facet normal  9.789169e-01 -2.042589e-01  1.082033e-07
   outer loop
     vertex  2.365406e+02 -4.770387e+00  5.000000e+02
     vertex  2.364006e+02 -5.441598e+00  5.000000e+02
     vertex  2.365403e+02 -4.772095e+00  2.800000e+02
   endloop
 endfacet
 facet normal  9.841389e-01 -1.773998e-01 -1.082426e-07
   outer loop
     vertex  2.365406e+02 -4.770387e+00  5.000000e+02
     vertex  2.365403e+02 -4.772095e+00  2.800000e+02
     vertex  2.366620e+02 -4.097059e+00  2.800000e+02
   endloop
 endfacet
 facet normal  9.886353e-01 -1.503341e-01 -9.281311e-08
   outer loop
     vertex  2.366622e+02 -4.095587e+00  5.000000e+02
     vertex  2.366620e+02 -4.097059e+00  2.800000e+02
     vertex  2.367651e+02 -3.418938e+00  2.800000e+02
   endloop
 endfacet
 facet normal  9.841503e-01 -1.773362e-01  9.277940e-08
   outer loop
     vertex  2.366622e+02 -4.095587e+00  5.000000e+02
     vertex  2.365406e+02 -4.770387e+00  5.000000e+02
     vertex  2.366620e+02 -4.097059e+00  2.800000e+02
   endloop
 endfacet
 facet normal  9.923874e-01 -1.231552e-01 -7.737235e-08
   outer loop
     vertex  2.367653e+02 -3.417707e+00  5.000000e+02
     vertex  2.367651e+02 -3.418938e+00  2.800000e+02
     vertex  2.368496e+02 -2.738244e+00  2.800000e+02
   endloop
 endfacet
 facet normal  9.886435e-01 -1.502800e-01  7.734426e-08
   outer loop
     vertex  2.367653e+02 -3.417707e+00  5.000000e+02
     vertex  2.366622e+02 -4.095587e+00  5.000000e+02
     vertex  2.367651e+02 -3.418938e+00  2.800000e+02
   endloop
 endfacet
 facet normal  9.953925e-01 -9.588368e-02 -6.192035e-08
   outer loop
     vertex  2.368497e+02 -2.737256e+00  5.000000e+02
     vertex  2.368496e+02 -2.738244e+00  2.800000e+02
     vertex  2.369154e+02 -2.055489e+00  2.800000e+02
   endloop
 endfacet
 facet normal  9.923929e-01 -1.231108e-01  6.189788e-08
   outer loop
     vertex  2.368497e+02 -2.737256e+00  5.000000e+02
     vertex  2.367653e+02 -3.417707e+00  5.000000e+02
     vertex  2.368496e+02 -2.738244e+00  2.800000e+02
   endloop
 endfacet
 facet normal  9.976484e-01 -6.853995e-02 -4.645712e-08
   outer loop
     vertex  2.369154e+02 -2.054746e+00  5.000000e+02
     vertex  2.369154e+02 -2.055489e+00  2.800000e+02
     vertex  2.369624e+02 -1.371186e+00  2.800000e+02
   endloop
 endfacet
 facet normal  9.953959e-01 -9.584904e-02  4.644027e-08
   outer loop
     vertex  2.369154e+02 -2.054746e+00  5.000000e+02
     vertex  2.368497e+02 -2.737256e+00  5.000000e+02
     vertex  2.369154e+02 -2.055489e+00  2.800000e+02
   endloop
 endfacet
 facet normal  9.991532e-01 -4.114462e-02 -3.098265e-08
   outer loop
     vertex  2.369624e+02 -1.370690e+00  5.000000e+02
     vertex  2.369624e+02 -1.371186e+00  2.800000e+02
     vertex  2.369906e+02 -6.858512e-01  2.800000e+02
   endloop
 endfacet
 facet normal  9.976501e-01 -6.851515e-02  3.097141e-08
   outer loop
     vertex  2.369624e+02 -1.370690e+00  5.000000e+02
     vertex  2.369154e+02 -2.054746e+00  5.000000e+02
     vertex  2.369624e+02 -1.371186e+00  2.800000e+02
   endloop
 endfacet
 facet normal  9.999059e-01 -1.371831e-02 -1.549694e-08
   outer loop
     vertex  2.369906e+02 -6.856027e-01  5.000000e+02
     vertex  2.369906e+02 -6.858512e-01  2.800000e+02
     vertex  2.370000e+02 -6.123234e-15  2.800000e+02
   endloop
 endfacet
 facet normal  9.991538e-01 -4.112971e-02  1.549133e-08
   outer loop
     vertex  2.369906e+02 -6.856027e-01  5.000000e+02
     vertex  2.369624e+02 -1.370690e+00  5.000000e+02
     vertex  2.369906e+02 -6.858512e-01  2.800000e+02
   endloop
 endfacet
 facet normal  9.999060e-01 -1.371334e-02  0.000000e+00
   outer loop
     vertex  2.370000e+02 -6.123234e-15  5.000000e+02
     vertex  2.369906e+02 -6.856027e-01  5.000000e+02
     vertex  2.370000e+02 -6.123234e-15  2.800000e+02
   endloop
 endfacet
 facet normal  0.000000e+00  0.000000e+00 -1.000000e+00
   outer loop
     vertex  1.957703e+02 -1.901572e+01  2.800000e+02
     vertex  1.952548e+02 -1.856331e+01  2.800000e+02
     vertex  1.947518e+02 -1.809694e+01  2.800000e+02
   endloop
 endfacet
 facet normal  0.000000e+00  0.000000e+00 -1.000000e+00
   outer loop
     vertex  1.924389e+02 -1.556808e+01  2.800000e+02
     vertex  1.933223e+02 -1.661752e+01  2.800000e+02
     vertex  1.928734e+02 -1.609886e+01  2.800000e+02
   endloop
 endfacet
 facet normal  0.000000e+00  0.000000e+00 -1.000000e+00
   outer loop
     vertex  1.924389e+02 -1.556808e+01  2.800000e+02
     vertex  1.937852e+02 -1.712368e+01  2.800000e+02
     vertex  1.933223e+02 -1.661752e+01  2.800000e+02
   endloop
 endfacet
 facet normal  0.000000e+00  0.000000e+00 -1.000000e+00
   outer loop
     vertex  1.968377e+02 -1.987725e+01  2.800000e+02
     vertex  1.942618e+02 -1.761694e+01  2.800000e+02
     vertex  1.937852e+02 -1.712368e+01  2.800000e+02
   endloop
 endfacet
 facet normal  0.000000e+00  0.000000e+00 -1.000000e+00
   outer loop
     vertex  1.968377e+02 -1.987725e+01  2.800000e+02
     vertex  1.957703e+02 -1.901572e+01  2.800000e+02
     vertex  1.947518e+02 -1.809694e+01  2.800000e+02
   endloop
 endfacet
 facet normal  0.000000e+00  0.000000e+00 -1.000000e+00
   outer loop
     vertex  1.968377e+02 -1.987725e+01  2.800000e+02
     vertex  1.947518e+02 -1.809694e+01  2.800000e+02
     vertex  1.942618e+02 -1.761694e+01  2.800000e+02
   endloop
 endfacet
 facet normal  0.000000e+00  0.000000e+00 -1.000000e+00
   outer loop
     vertex  1.968377e+02 -1.987725e+01  2.800000e+02
     vertex  1.962981e+02 -1.945381e+01  2.800000e+02
     vertex  1.957703e+02 -1.901572e+01  2.800000e+02
   endloop
 endfacet
 facet normal  0.000000e+00  0.000000e+00 -1.000000e+00
   outer loop
     vertex  1.912252e+02 -1.390707e+01  2.800000e+02
     vertex  1.920192e+02 -1.502559e+01  2.800000e+02
     vertex  1.916145e+02 -1.447178e+01  2.800000e+02
   endloop
 endfacet
 facet normal  0.000000e+00  0.000000e+00 -1.000000e+00
   outer loop
     vertex  1.912252e+02 -1.390707e+01  2.800000e+02
     vertex  1.924389e+02 -1.556808e+01  2.800000e+02
     vertex  1.920192e+02 -1.502559e+01  2.800000e+02
   endloop
 endfacet
 facet normal  0.000000e+00  0.000000e+00 -1.000000e+00
   outer loop
     vertex  1.912252e+02 -1.390707e+01  2.800000e+02
     vertex  1.937852e+02 -1.712368e+01  2.800000e+02
     vertex  1.924389e+02 -1.556808e+01  2.800000e+02
   endloop
 endfacet
 facet normal  0.000000e+00  0.000000e+00 -1.000000e+00
   outer loop
     vertex  1.985233e+02 -2.105659e+01  2.800000e+02
     vertex  1.968377e+02 -1.987725e+01  2.800000e+02
     vertex  1.937852e+02 -1.712368e+01  2.800000e+02
   endloop
 endfacet
 facet normal  0.000000e+00  0.000000e+00 -1.000000e+00
   outer loop
     vertex  1.985233e+02 -2.105659e+01  2.800000e+02
     vertex  1.973887e+02 -2.028573e+01  2.800000e+02
     vertex  1.968377e+02 -1.987725e+01  2.800000e+02
   endloop
 endfacet
 facet normal  0.000000e+00  0.000000e+00 -1.000000e+00
   outer loop
     vertex  1.985233e+02 -2.105659e+01  2.800000e+02
     vertex  1.979508e+02 -2.067894e+01  2.800000e+02
     vertex  1.973887e+02 -2.028573e+01  2.800000e+02
   endloop
 endfacet
 facet normal  0.000000e+00  0.000000e+00 -1.000000e+00
   outer loop
     vertex  1.985233e+02 -2.105659e+01  2.800000e+02
     vertex  1.937852e+02 -1.712368e+01  2.800000e+02
     vertex  1.912252e+02 -1.390707e+01  2.800000e+02
   endloop
 endfacet
 facet normal  0.000000e+00  0.000000e+00 -1.000000e+00
   outer loop
     vertex  1.904937e+02 -1.274669e+01  2.800000e+02
     vertex  1.912252e+02 -1.390707e+01  2.800000e+02
     vertex  1.908515e+02 -1.333190e+01  2.800000e+02
   endloop
 endfacet
 facet normal  0.000000e+00  0.000000e+00 -1.000000e+00
   outer loop
     vertex  2.003002e+02 -2.209334e+01  2.800000e+02
     vertex  1.991061e+02 -2.141838e+01  2.800000e+02
     vertex  1.985233e+02 -2.105659e+01  2.800000e+02
   endloop
 endfacet
 facet normal  0.000000e+00  0.000000e+00 -1.000000e+00
   outer loop
     vertex  2.003002e+02 -2.209334e+01  2.800000e+02
     vertex  1.996985e+02 -2.176405e+01  2.800000e+02
     vertex  1.991061e+02 -2.141838e+01  2.800000e+02
   endloop
 endfacet
 facet normal  0.000000e+00  0.000000e+00 -1.000000e+00
   outer loop
     vertex  1.892269e+02 -1.031442e+01  2.800000e+02
     vertex  1.898269e+02 -1.154794e+01  2.800000e+02
     vertex  1.895185e+02 -1.093530e+01  2.800000e+02
   endloop
 endfacet
 facet normal  0.000000e+00  0.000000e+00 -1.000000e+00
   outer loop
     vertex  1.892269e+02 -1.031442e+01  2.800000e+02
     vertex  1.901521e+02 -1.215189e+01  2.800000e+02
     vertex  1.898269e+02 -1.154794e+01  2.800000e+02
   endloop
 endfacet
 facet normal  0.000000e+00  0.000000e+00 -1.000000e+00
   outer loop
     vertex  1.892269e+02 -1.031442e+01  2.800000e+02
     vertex  1.904937e+02 -1.274669e+01  2.800000e+02
     vertex  1.901521e+02 -1.215189e+01  2.800000e+02
   endloop
 endfacet
 facet normal  0.000000e+00  0.000000e+00 -1.000000e+00
   outer loop
     vertex  1.892269e+02 -1.031442e+01  2.800000e+02
     vertex  1.912252e+02 -1.390707e+01  2.800000e+02
     vertex  1.904937e+02 -1.274669e+01  2.800000e+02
   endloop
 endfacet
 facet normal  0.000000e+00  0.000000e+00 -1.000000e+00
   outer loop
     vertex  2.021564e+02 -2.298048e+01  2.800000e+02
     vertex  2.015296e+02 -2.270178e+01  2.800000e+02
     vertex  2.009108e+02 -2.240599e+01  2.800000e+02
   endloop
 endfacet
 facet normal  0.000000e+00  0.000000e+00 -1.000000e+00
   outer loop
     vertex  2.027905e+02 -2.324189e+01  2.800000e+02
     vertex  2.021564e+02 -2.298048e+01  2.800000e+02
     vertex  2.009108e+02 -2.240599e+01  2.800000e+02
   endloop
 endfacet
 facet normal  0.000000e+00  0.000000e+00 -1.000000e+00
   outer loop
     vertex  2.034316e+02 -2.348579e+01  2.800000e+02
     vertex  2.009108e+02 -2.240599e+01  2.800000e+02
     vertex  2.003002e+02 -2.209334e+01  2.800000e+02
   endloop
 endfacet
 facet normal  0.000000e+00  0.000000e+00 -1.000000e+00
   outer loop
     vertex  2.034316e+02 -2.348579e+01  2.800000e+02
     vertex  1.985233e+02 -2.105659e+01  2.800000e+02
     vertex  1.912252e+02 -1.390707e+01  2.800000e+02
   endloop
 endfacet
 facet normal  0.000000e+00  0.000000e+00 -1.000000e+00
   outer loop
     vertex  2.034316e+02 -2.348579e+01  2.800000e+02
     vertex  2.003002e+02 -2.209334e+01  2.800000e+02
     vertex  1.985233e+02 -2.105659e+01  2.800000e+02
   endloop
 endfacet
 facet normal  0.000000e+00  0.000000e+00 -1.000000e+00
   outer loop
     vertex  2.034316e+02 -2.348579e+01  2.800000e+02
     vertex  2.027905e+02 -2.324189e+01  2.800000e+02
     vertex  2.009108e+02 -2.240599e+01  2.800000e+02
   endloop
 endfacet
 facet normal  0.000000e+00  0.000000e+00 -1.000000e+00
   outer loop
     vertex  1.882342e+02 -7.758036e+00  2.800000e+02
     vertex  1.886955e+02 -9.049851e+00  2.800000e+02
     vertex  1.884560e+02 -8.407108e+00  2.800000e+02
   endloop
 endfacet
 facet normal  0.000000e+00  0.000000e+00 -1.000000e+00
   outer loop
     vertex  1.882342e+02 -7.758036e+00  2.800000e+02
     vertex  1.889525e+02 -9.685782e+00  2.800000e+02
     vertex  1.886955e+02 -9.049851e+00  2.800000e+02
   endloop
 endfacet
 facet normal  0.000000e+00  0.000000e+00 -1.000000e+00
   outer loop
     vertex  1.882342e+02 -7.758036e+00  2.800000e+02
     vertex  1.892269e+02 -1.031442e+01  2.800000e+02
     vertex  1.889525e+02 -9.685782e+00  2.800000e+02
   endloop
 endfacet
 facet normal  0.000000e+00  0.000000e+00 -1.000000e+00
   outer loop
     vertex  1.882342e+02 -7.758036e+00  2.800000e+02
     vertex  1.912252e+02 -1.390707e+01  2.800000e+02
     vertex  1.892269e+02 -1.031442e+01  2.800000e+02
   endloop
 endfacet
 facet normal  0.000000e+00  0.000000e+00 -1.000000e+00
   outer loop
     vertex  2.060555e+02 -2.428299e+01  2.800000e+02
     vertex  2.053916e+02 -2.411077e+01  2.800000e+02
     vertex  2.047326e+02 -2.392039e+01  2.800000e+02
   endloop
 endfacet
 facet normal  0.000000e+00  0.000000e+00 -1.000000e+00
   outer loop
     vertex  1.876768e+02 -5.777756e+00  2.800000e+02
     vertex  1.880303e+02 -7.103124e+00  2.800000e+02
     vertex  1.878445e+02 -6.442865e+00  2.800000e+02
   endloop
 endfacet
 facet normal  0.000000e+00  0.000000e+00 -1.000000e+00
   outer loop
     vertex  2.067240e+02 -2.443693e+01  2.800000e+02
     vertex  2.060555e+02 -2.428299e+01  2.800000e+02
     vertex  2.047326e+02 -2.392039e+01  2.800000e+02
   endloop
 endfacet
 facet normal  0.000000e+00  0.000000e+00 -1.000000e+00
   outer loop
     vertex  2.067240e+02 -2.443693e+01  2.800000e+02
     vertex  2.040791e+02 -2.371202e+01  2.800000e+02
     vertex  2.034316e+02 -2.348579e+01  2.800000e+02
   endloop
 endfacet
 facet normal  0.000000e+00  0.000000e+00 -1.000000e+00
   outer loop
     vertex  2.067240e+02 -2.443693e+01  2.800000e+02
     vertex  2.047326e+02 -2.392039e+01  2.800000e+02
     vertex  2.040791e+02 -2.371202e+01  2.800000e+02
   endloop
 endfacet
 facet normal  0.000000e+00  0.000000e+00 -1.000000e+00
   outer loop
     vertex  2.067240e+02 -2.443693e+01  2.800000e+02
     vertex  2.034316e+02 -2.348579e+01  2.800000e+02
     vertex  1.912252e+02 -1.390707e+01  2.800000e+02
   endloop
 endfacet
 facet normal  0.000000e+00  0.000000e+00 -1.000000e+00
   outer loop
     vertex  1.873965e+02 -4.434994e+00  2.800000e+02
     vertex  1.876768e+02 -5.777756e+00  2.800000e+02
     vertex  1.875275e+02 -5.108298e+00  2.800000e+02
   endloop
 endfacet
 facet normal  0.000000e+00  0.000000e+00 -1.000000e+00
   outer loop
     vertex  2.080722e+02 -2.468952e+01  2.800000e+02
     vertex  2.073963e+02 -2.457247e+01  2.800000e+02
     vertex  2.067240e+02 -2.443693e+01  2.800000e+02
   endloop
 endfacet
 facet normal  0.000000e+00  0.000000e+00 -1.000000e+00
   outer loop
     vertex  2.087510e+02 -2.478798e+01  2.800000e+02
     vertex  2.080722e+02 -2.468952e+01  2.800000e+02
     vertex  2.067240e+02 -2.443693e+01  2.800000e+02
   endloop
 endfacet
 facet normal  0.000000e+00  0.000000e+00 -1.000000e+00
   outer loop
     vertex  1.871903e+02 -3.078881e+00  2.800000e+02
     vertex  1.873965e+02 -4.434994e+00  2.800000e+02
     vertex  1.872841e+02 -3.758352e+00  2.800000e+02
   endloop
 endfacet
 facet normal  0.000000e+00  0.000000e+00 -1.000000e+00
   outer loop
     vertex  1.871152e+02 -2.397092e+00  2.800000e+02
     vertex  1.880303e+02 -7.103124e+00  2.800000e+02
     vertex  1.876768e+02 -5.777756e+00  2.800000e+02
   endloop
 endfacet
 facet normal  0.000000e+00  0.000000e+00 -1.000000e+00
   outer loop
     vertex  1.871152e+02 -2.397092e+00  2.800000e+02
     vertex  1.876768e+02 -5.777756e+00  2.800000e+02
     vertex  1.873965e+02 -4.434994e+00  2.800000e+02
   endloop
 endfacet
 facet normal  0.000000e+00  0.000000e+00 -1.000000e+00
   outer loop
     vertex  1.871152e+02 -2.397092e+00  2.800000e+02
     vertex  1.873965e+02 -4.434994e+00  2.800000e+02
     vertex  1.871903e+02 -3.078881e+00  2.800000e+02
   endloop
 endfacet
 facet normal  0.000000e+00  0.000000e+00 -1.000000e+00
   outer loop
     vertex  2.101155e+02 -2.492887e+01  2.800000e+02
     vertex  2.087510e+02 -2.478798e+01  2.800000e+02
     vertex  2.067240e+02 -2.443693e+01  2.800000e+02
   endloop
 endfacet
 facet normal  0.000000e+00  0.000000e+00 -1.000000e+00
   outer loop
     vertex  2.101155e+02 -2.492887e+01  2.800000e+02
     vertex  2.094323e+02 -2.486779e+01  2.800000e+02
     vertex  2.087510e+02 -2.478798e+01  2.800000e+02
   endloop
 endfacet
 facet normal  0.000000e+00  0.000000e+00 -1.000000e+00
   outer loop
     vertex  1.870212e+02 -1.028615e+00  2.800000e+02
     vertex  1.871152e+02 -2.397092e+00  2.800000e+02
     vertex  1.870588e+02 -1.713499e+00  2.800000e+02
   endloop
 endfacet
 facet normal  0.000000e+00  0.000000e+00 -1.000000e+00
   outer loop
     vertex  2.128573e+02 -2.498530e+01  2.800000e+02
     vertex  2.101155e+02 -2.492887e+01  2.800000e+02
     vertex  2.067240e+02 -2.443693e+01  2.800000e+02
   endloop
 endfacet
 facet normal  0.000000e+00  0.000000e+00 -1.000000e+00
   outer loop
     vertex  2.128573e+02 -2.498530e+01  2.800000e+02
     vertex  2.108001e+02 -2.497119e+01  2.800000e+02
     vertex  2.101155e+02 -2.492887e+01  2.800000e+02
   endloop
 endfacet
 facet normal -0.000000e+00  0.000000e+00 -1.000000e+00
   outer loop
     vertex  2.128573e+02 -2.498530e+01  2.800000e+02
     vertex  2.114856e+02 -2.499471e+01  2.800000e+02
     vertex  2.108001e+02 -2.497119e+01  2.800000e+02
   endloop
 endfacet
 facet normal  0.000000e+00  0.000000e+00 -1.000000e+00
   outer loop
     vertex  2.128573e+02 -2.498530e+01  2.800000e+02
     vertex  2.121715e+02 -2.499941e+01  2.800000e+02
     vertex  2.114856e+02 -2.499471e+01  2.800000e+02
   endloop
 endfacet
 facet normal  0.000000e+00  0.000000e+00 -1.000000e+00
   outer loop
     vertex  1.870588e+02  1.713499e+00  2.800000e+02
     vertex  1.870024e+02  3.429579e-01  2.800000e+02
     vertex  1.870212e+02  1.028615e+00  2.800000e+02
   endloop
 endfacet
 facet normal  0.000000e+00  0.000000e+00 -1.000000e+00
   outer loop
     vertex  1.870588e+02  1.713499e+00  2.800000e+02
     vertex  1.870024e+02 -3.429579e-01  2.800000e+02
     vertex  1.870024e+02  3.429579e-01  2.800000e+02
   endloop
 endfacet
 facet normal  0.000000e+00  0.000000e+00 -1.000000e+00
   outer loop
     vertex  1.870588e+02  1.713499e+00  2.800000e+02
     vertex  1.870212e+02 -1.028615e+00  2.800000e+02
     vertex  1.870024e+02 -3.429579e-01  2.800000e+02
   endloop
 endfacet
 facet normal  0.000000e+00  0.000000e+00 -1.000000e+00
   outer loop
     vertex  1.871152e+02  2.397092e+00  2.800000e+02
     vertex  1.880303e+02 -7.103124e+00  2.800000e+02
     vertex  1.871152e+02 -2.397092e+00  2.800000e+02
   endloop
 endfacet
 facet normal  0.000000e+00 -0.000000e+00 -1.000000e+00
   outer loop
     vertex  1.871152e+02  2.397092e+00  2.800000e+02
     vertex  1.871152e+02 -2.397092e+00  2.800000e+02
     vertex  1.870212e+02 -1.028615e+00  2.800000e+02
   endloop
 endfacet
 facet normal  0.000000e+00  0.000000e+00 -1.000000e+00
   outer loop
     vertex  1.871152e+02  2.397092e+00  2.800000e+02
     vertex  1.870212e+02 -1.028615e+00  2.800000e+02
     vertex  1.870588e+02  1.713499e+00  2.800000e+02
   endloop
 endfacet
 facet normal  0.000000e+00  0.000000e+00 -1.000000e+00
   outer loop
     vertex  2.149086e+02 -2.483022e+01  2.800000e+02
     vertex  2.135424e+02 -2.495238e+01  2.800000e+02
     vertex  2.128573e+02 -2.498530e+01  2.800000e+02
   endloop
 endfacet
 facet normal  0.000000e+00  0.000000e+00 -1.000000e+00
   outer loop
     vertex  2.149086e+02 -2.483022e+01  2.800000e+02
     vertex  2.142263e+02 -2.490067e+01  2.800000e+02
     vertex  2.135424e+02 -2.495238e+01  2.800000e+02
   endloop
 endfacet
 facet normal  0.000000e+00  0.000000e+00 -1.000000e+00
   outer loop
     vertex  1.872841e+02  3.758352e+00  2.800000e+02
     vertex  1.871152e+02  2.397092e+00  2.800000e+02
     vertex  1.871903e+02  3.078881e+00  2.800000e+02
   endloop
 endfacet
 facet normal  0.000000e+00  0.000000e+00 -1.000000e+00
   outer loop
     vertex  2.162661e+02 -2.463331e+01  2.800000e+02
     vertex  2.155887e+02 -2.474108e+01  2.800000e+02
     vertex  2.149086e+02 -2.483022e+01  2.800000e+02
   endloop
 endfacet
 facet normal  0.000000e+00  0.000000e+00 -1.000000e+00
   outer loop
     vertex  1.876768e+02  5.777756e+00  2.800000e+02
     vertex  1.873965e+02  4.434994e+00  2.800000e+02
     vertex  1.875275e+02  5.108298e+00  2.800000e+02
   endloop
 endfacet
 facet normal  0.000000e+00  0.000000e+00 -1.000000e+00
   outer loop
     vertex  1.878445e+02  6.442865e+00  2.800000e+02
     vertex  1.872841e+02  3.758352e+00  2.800000e+02
     vertex  1.873965e+02  4.434994e+00  2.800000e+02
   endloop
 endfacet
 facet normal  0.000000e+00  0.000000e+00 -1.000000e+00
   outer loop
     vertex  1.878445e+02  6.442865e+00  2.800000e+02
     vertex  1.873965e+02  4.434994e+00  2.800000e+02
     vertex  1.876768e+02  5.777756e+00  2.800000e+02
   endloop
 endfacet
 facet normal  0.000000e+00  0.000000e+00 -1.000000e+00
   outer loop
     vertex  1.880303e+02  7.103124e+00  2.800000e+02
     vertex  1.882342e+02 -7.758036e+00  2.800000e+02
     vertex  1.880303e+02 -7.103124e+00  2.800000e+02
   endloop
 endfacet
 facet normal  0.000000e+00 -0.000000e+00 -1.000000e+00
   outer loop
     vertex  1.880303e+02  7.103124e+00  2.800000e+02
     vertex  1.880303e+02 -7.103124e+00  2.800000e+02
     vertex  1.871152e+02  2.397092e+00  2.800000e+02
   endloop
 endfacet
 facet normal  0.000000e+00  0.000000e+00 -1.000000e+00
   outer loop
     vertex  1.880303e+02  7.103124e+00  2.800000e+02
     vertex  1.871152e+02  2.397092e+00  2.800000e+02
     vertex  1.872841e+02  3.758352e+00  2.800000e+02
   endloop
 endfacet
 facet normal  0.000000e+00  0.000000e+00 -1.000000e+00
   outer loop
     vertex  1.880303e+02  7.103124e+00  2.800000e+02
     vertex  1.872841e+02  3.758352e+00  2.800000e+02
     vertex  1.878445e+02  6.442865e+00  2.800000e+02
   endloop
 endfacet
 facet normal  0.000000e+00  0.000000e+00 -1.000000e+00
   outer loop
     vertex  2.195948e+02 -2.381845e+01  2.800000e+02
     vertex  2.176108e+02 -2.436225e+01  2.800000e+02
     vertex  2.169403e+02 -2.450701e+01  2.800000e+02
   endloop
 endfacet
 facet normal  0.000000e+00  0.000000e+00 -1.000000e+00
   outer loop
     vertex  2.195948e+02 -2.381845e+01  2.800000e+02
     vertex  2.182770e+02 -2.419915e+01  2.800000e+02
     vertex  2.176108e+02 -2.436225e+01  2.800000e+02
   endloop
 endfacet
 facet normal  0.000000e+00  0.000000e+00 -1.000000e+00
   outer loop
     vertex  2.195948e+02 -2.381845e+01  2.800000e+02
     vertex  2.189385e+02 -2.401784e+01  2.800000e+02
     vertex  2.182770e+02 -2.419915e+01  2.800000e+02
   endloop
 endfacet
 facet normal  0.000000e+00  0.000000e+00 -1.000000e+00
   outer loop
     vertex  2.202454e+02 -2.360113e+01  2.800000e+02
     vertex  2.195948e+02 -2.381845e+01  2.800000e+02
     vertex  2.169403e+02 -2.450701e+01  2.800000e+02
   endloop
 endfacet
 facet normal  0.000000e+00  0.000000e+00 -1.000000e+00
   outer loop
     vertex  1.884560e+02  8.407108e+00  2.800000e+02
     vertex  1.880303e+02  7.103124e+00  2.800000e+02
     vertex  1.882342e+02  7.758036e+00  2.800000e+02
   endloop
 endfacet
 facet normal  0.000000e+00  0.000000e+00 -1.000000e+00
   outer loop
     vertex  2.215275e+02 -2.311336e+01  2.800000e+02
     vertex  2.169403e+02 -2.450701e+01  2.800000e+02
     vertex  2.162661e+02 -2.463331e+01  2.800000e+02
   endloop
 endfacet
 facet normal  0.000000e+00  0.000000e+00 -1.000000e+00
   outer loop
     vertex  2.215275e+02 -2.311336e+01  2.800000e+02
     vertex  2.208898e+02 -2.336604e+01  2.800000e+02
     vertex  2.202454e+02 -2.360113e+01  2.800000e+02
   endloop
 endfacet
 facet normal  0.000000e+00  0.000000e+00 -1.000000e+00
   outer loop
     vertex  2.215275e+02 -2.311336e+01  2.800000e+02
     vertex  2.202454e+02 -2.360113e+01  2.800000e+02
     vertex  2.169403e+02 -2.450701e+01  2.800000e+02
   endloop
 endfacet
 facet normal  0.000000e+00  0.000000e+00 -1.000000e+00
   outer loop
     vertex  2.221580e+02 -2.284328e+01  2.800000e+02
     vertex  2.128573e+02 -2.498530e+01  2.800000e+02
     vertex  2.067240e+02 -2.443693e+01  2.800000e+02
   endloop
 endfacet
 facet normal  0.000000e+00  0.000000e+00 -1.000000e+00
   outer loop
     vertex  2.221580e+02 -2.284328e+01  2.800000e+02
     vertex  2.149086e+02 -2.483022e+01  2.800000e+02
     vertex  2.128573e+02 -2.498530e+01  2.800000e+02
   endloop
 endfacet
 facet normal  0.000000e+00  0.000000e+00 -1.000000e+00
   outer loop
     vertex  2.221580e+02 -2.284328e+01  2.800000e+02
     vertex  2.162661e+02 -2.463331e+01  2.800000e+02
     vertex  2.149086e+02 -2.483022e+01  2.800000e+02
   endloop
 endfacet
 facet normal  0.000000e+00  0.000000e+00 -1.000000e+00
   outer loop
     vertex  2.221580e+02 -2.284328e+01  2.800000e+02
     vertex  2.215275e+02 -2.311336e+01  2.800000e+02
     vertex  2.162661e+02 -2.463331e+01  2.800000e+02
   endloop
 endfacet
 facet normal  0.000000e+00  0.000000e+00 -1.000000e+00
   outer loop
     vertex  1.895185e+02  1.093530e+01  2.800000e+02
     vertex  1.886955e+02  9.049851e+00  2.800000e+02
     vertex  1.889525e+02  9.685782e+00  2.800000e+02
   endloop
 endfacet
 facet normal  0.000000e+00  0.000000e+00 -1.000000e+00
   outer loop
     vertex  1.895185e+02  1.093530e+01  2.800000e+02
     vertex  1.889525e+02  9.685782e+00  2.800000e+02
     vertex  1.892269e+02  1.031442e+01  2.800000e+02
   endloop
 endfacet
 facet normal  0.000000e+00  0.000000e+00 -1.000000e+00
   outer loop
     vertex  1.898269e+02  1.154794e+01  2.800000e+02
     vertex  1.886955e+02  9.049851e+00  2.800000e+02
     vertex  1.895185e+02  1.093530e+01  2.800000e+02
   endloop
 endfacet
 facet normal  0.000000e+00  0.000000e+00 -1.000000e+00
   outer loop
     vertex  2.245989e+02 -2.159325e+01  2.800000e+02
     vertex  2.233956e+02 -2.225176e+01  2.800000e+02
     vertex  2.227808e+02 -2.255601e+01  2.800000e+02
   endloop
 endfacet
 facet normal  0.000000e+00  0.000000e+00 -1.000000e+00
   outer loop
     vertex  2.245989e+02 -2.159325e+01  2.800000e+02
     vertex  2.240017e+02 -2.193076e+01  2.800000e+02
     vertex  2.233956e+02 -2.225176e+01  2.800000e+02
   endloop
 endfacet
 facet normal  0.000000e+00  0.000000e+00 -1.000000e+00
   outer loop
     vertex  1.904937e+02  1.274669e+01  2.800000e+02
     vertex  1.898269e+02  1.154794e+01  2.800000e+02
     vertex  1.901521e+02  1.215189e+01  2.800000e+02
   endloop
 endfacet
 facet normal  0.000000e+00  0.000000e+00 -1.000000e+00
   outer loop
     vertex  2.251865e+02 -2.123948e+01  2.800000e+02
     vertex  2.245989e+02 -2.159325e+01  2.800000e+02
     vertex  2.227808e+02 -2.255601e+01  2.800000e+02
   endloop
 endfacet
 facet normal  0.000000e+00  0.000000e+00 -1.000000e+00
   outer loop
     vertex  2.251865e+02 -2.123948e+01  2.800000e+02
     vertex  2.227808e+02 -2.255601e+01  2.800000e+02
     vertex  2.221580e+02 -2.284328e+01  2.800000e+02
   endloop
 endfacet
 facet normal  0.000000e+00  0.000000e+00 -1.000000e+00
   outer loop
     vertex  2.263316e+02 -2.048426e+01  2.800000e+02
     vertex  2.251865e+02 -2.123948e+01  2.800000e+02
     vertex  2.221580e+02 -2.284328e+01  2.800000e+02
   endloop
 endfacet
 facet normal  0.000000e+00  0.000000e+00 -1.000000e+00
   outer loop
     vertex  2.263316e+02 -2.048426e+01  2.800000e+02
     vertex  2.221580e+02 -2.284328e+01  2.800000e+02
     vertex  2.067240e+02 -2.443693e+01  2.800000e+02
   endloop
 endfacet
 facet normal  0.000000e+00  0.000000e+00 -1.000000e+00
   outer loop
     vertex  2.263316e+02 -2.048426e+01  2.800000e+02
     vertex  2.257642e+02 -2.086973e+01  2.800000e+02
     vertex  2.251865e+02 -2.123948e+01  2.800000e+02
   endloop
 endfacet
 facet normal  0.000000e+00  0.000000e+00 -1.000000e+00
   outer loop
     vertex  1.916145e+02  1.447178e+01  2.800000e+02
     vertex  1.898269e+02  1.154794e+01  2.800000e+02
     vertex  1.904937e+02  1.274669e+01  2.800000e+02
   endloop
 endfacet
 facet normal  0.000000e+00  0.000000e+00 -1.000000e+00
   outer loop
     vertex  1.916145e+02  1.447178e+01  2.800000e+02
     vertex  1.908515e+02  1.333190e+01  2.800000e+02
     vertex  1.912252e+02  1.390707e+01  2.800000e+02
   endloop
 endfacet
 facet normal  0.000000e+00  0.000000e+00 -1.000000e+00
   outer loop
     vertex  1.916145e+02  1.447178e+01  2.800000e+02
     vertex  1.904937e+02  1.274669e+01  2.800000e+02
     vertex  1.908515e+02  1.333190e+01  2.800000e+02
   endloop
 endfacet
 facet normal  0.000000e+00  0.000000e+00 -1.000000e+00
   outer loop
     vertex  1.920192e+02  1.502559e+01  2.800000e+02
     vertex  1.886955e+02  9.049851e+00  2.800000e+02
     vertex  1.898269e+02  1.154794e+01  2.800000e+02
   endloop
 endfacet
 facet normal  0.000000e+00  0.000000e+00 -1.000000e+00
   outer loop
     vertex  1.920192e+02  1.502559e+01  2.800000e+02
     vertex  1.898269e+02  1.154794e+01  2.800000e+02
     vertex  1.916145e+02  1.447178e+01  2.800000e+02
   endloop
 endfacet
 facet normal  0.000000e+00  0.000000e+00 -1.000000e+00
   outer loop
     vertex  1.924389e+02  1.556808e+01  2.800000e+02
     vertex  1.884560e+02  8.407108e+00  2.800000e+02
     vertex  1.886955e+02  9.049851e+00  2.800000e+02
   endloop
 endfacet
 facet normal  0.000000e+00  0.000000e+00 -1.000000e+00
   outer loop
     vertex  1.924389e+02  1.556808e+01  2.800000e+02
     vertex  1.886955e+02  9.049851e+00  2.800000e+02
     vertex  1.920192e+02  1.502559e+01  2.800000e+02
   endloop
 endfacet
 facet normal  0.000000e+00  0.000000e+00 -1.000000e+00
   outer loop
     vertex  1.924389e+02  1.556808e+01  2.800000e+02
     vertex  1.880303e+02  7.103124e+00  2.800000e+02
     vertex  1.884560e+02  8.407108e+00  2.800000e+02
   endloop
 endfacet
 facet normal  0.000000e+00  0.000000e+00 -1.000000e+00
   outer loop
     vertex  2.289983e+02 -1.833185e+01  2.800000e+02
     vertex  2.274335e+02 -1.966738e+01  2.800000e+02
     vertex  2.268882e+02 -2.008338e+01  2.800000e+02
   endloop
 endfacet
 facet normal  0.000000e+00  0.000000e+00 -1.000000e+00
   outer loop
     vertex  2.289983e+02 -1.833185e+01  2.800000e+02
     vertex  2.279673e+02 -1.923657e+01  2.800000e+02
     vertex  2.274335e+02 -1.966738e+01  2.800000e+02
   endloop
 endfacet
 facet normal  0.000000e+00  0.000000e+00 -1.000000e+00
   outer loop
     vertex  2.289983e+02 -1.833185e+01  2.800000e+02
     vertex  2.284890e+02 -1.879128e+01  2.800000e+02
     vertex  2.279673e+02 -1.923657e+01  2.800000e+02
   endloop
 endfacet
 facet normal  0.000000e+00  0.000000e+00 -1.000000e+00
   outer loop
     vertex  1.937852e+02  1.712368e+01  2.800000e+02
     vertex  1.880303e+02  7.103124e+00  2.800000e+02
     vertex  1.924389e+02  1.556808e+01  2.800000e+02
   endloop
 endfacet
 facet normal  0.000000e+00  0.000000e+00 -1.000000e+00
   outer loop
     vertex  1.937852e+02  1.712368e+01  2.800000e+02
     vertex  1.928734e+02  1.609886e+01  2.800000e+02
     vertex  1.933223e+02  1.661752e+01  2.800000e+02
   endloop
 endfacet
 facet normal  0.000000e+00  0.000000e+00 -1.000000e+00
   outer loop
     vertex  1.937852e+02  1.712368e+01  2.800000e+02
     vertex  1.924389e+02  1.556808e+01  2.800000e+02
     vertex  1.928734e+02  1.609886e+01  2.800000e+02
   endloop
 endfacet
 facet normal  0.000000e+00  0.000000e+00 -1.000000e+00
   outer loop
     vertex  2.299782e+02 -1.737194e+01  2.800000e+02
     vertex  2.289983e+02 -1.833185e+01  2.800000e+02
     vertex  2.268882e+02 -2.008338e+01  2.800000e+02
   endloop
 endfacet
 facet normal  0.000000e+00  0.000000e+00 -1.000000e+00
   outer loop
     vertex  2.299782e+02 -1.737194e+01  2.800000e+02
     vertex  2.268882e+02 -2.008338e+01  2.800000e+02
     vertex  2.263316e+02 -2.048426e+01  2.800000e+02
   endloop
 endfacet
 facet normal  0.000000e+00  0.000000e+00 -1.000000e+00
   outer loop
     vertex  2.299782e+02 -1.737194e+01  2.800000e+02
     vertex  2.294949e+02 -1.785862e+01  2.800000e+02
     vertex  2.289983e+02 -1.833185e+01  2.800000e+02
   endloop
 endfacet
 facet normal  0.000000e+00  0.000000e+00 -1.000000e+00
   outer loop
     vertex  1.952548e+02  1.856331e+01  2.800000e+02
     vertex  1.942618e+02  1.761694e+01  2.800000e+02
     vertex  1.947518e+02  1.809694e+01  2.800000e+02
   endloop
 endfacet
 facet normal  0.000000e+00  0.000000e+00 -1.000000e+00
   outer loop
     vertex  2.309039e+02 -1.635973e+01  2.800000e+02
     vertex  2.304480e+02 -1.687219e+01  2.800000e+02
     vertex  2.299782e+02 -1.737194e+01  2.800000e+02
   endloop
 endfacet
 facet normal  0.000000e+00  0.000000e+00 -1.000000e+00
   outer loop
     vertex  2.309039e+02 -1.635973e+01  2.800000e+02
     vertex  2.299782e+02 -1.737194e+01  2.800000e+02
     vertex  2.263316e+02 -2.048426e+01  2.800000e+02
   endloop
 endfacet
 facet normal  0.000000e+00  0.000000e+00 -1.000000e+00
   outer loop
     vertex  1.957703e+02  1.901572e+01  2.800000e+02
     vertex  1.880303e+02  7.103124e+00  2.800000e+02
     vertex  1.937852e+02  1.712368e+01  2.800000e+02
   endloop
 endfacet
 facet normal  0.000000e+00  0.000000e+00 -1.000000e+00
   outer loop
     vertex  1.957703e+02  1.901572e+01  2.800000e+02
     vertex  1.882342e+02 -7.758036e+00  2.800000e+02
     vertex  1.880303e+02  7.103124e+00  2.800000e+02
   endloop
 endfacet
 facet normal  0.000000e+00  0.000000e+00 -1.000000e+00
   outer loop
     vertex  1.957703e+02  1.901572e+01  2.800000e+02
     vertex  1.942618e+02  1.761694e+01  2.800000e+02
     vertex  1.952548e+02  1.856331e+01  2.800000e+02
   endloop
 endfacet
 facet normal  0.000000e+00  0.000000e+00 -1.000000e+00
   outer loop
     vertex  1.957703e+02  1.901572e+01  2.800000e+02
     vertex  1.937852e+02  1.712368e+01  2.800000e+02
     vertex  1.942618e+02  1.761694e+01  2.800000e+02
   endloop
 endfacet
 facet normal  0.000000e+00  0.000000e+00 -1.000000e+00
   outer loop
     vertex  1.957703e+02  1.901572e+01  2.800000e+02
     vertex  1.912252e+02 -1.390707e+01  2.800000e+02
     vertex  1.882342e+02 -7.758036e+00  2.800000e+02
   endloop
 endfacet
 facet normal  0.000000e+00  0.000000e+00 -1.000000e+00
   outer loop
     vertex  2.313456e+02 -1.583496e+01  2.800000e+02
     vertex  2.309039e+02 -1.635973e+01  2.800000e+02
     vertex  2.263316e+02 -2.048426e+01  2.800000e+02
   endloop
 endfacet
 facet normal  0.000000e+00  0.000000e+00 -1.000000e+00
   outer loop
     vertex  2.317728e+02 -1.529827e+01  2.800000e+02
     vertex  2.263316e+02 -2.048426e+01  2.800000e+02
     vertex  2.067240e+02 -2.443693e+01  2.800000e+02
   endloop
 endfacet
 facet normal  0.000000e+00  0.000000e+00 -1.000000e+00
   outer loop
     vertex  2.317728e+02 -1.529827e+01  2.800000e+02
     vertex  2.313456e+02 -1.583496e+01  2.800000e+02
     vertex  2.263316e+02 -2.048426e+01  2.800000e+02
   endloop
 endfacet
 facet normal  0.000000e+00  0.000000e+00 -1.000000e+00
   outer loop
     vertex  2.321850e+02 -1.475007e+01  2.800000e+02
     vertex  2.317728e+02 -1.529827e+01  2.800000e+02
     vertex  2.067240e+02 -2.443693e+01  2.800000e+02
   endloop
 endfacet
 facet normal  0.000000e+00  0.000000e+00 -1.000000e+00
   outer loop
     vertex  1.973887e+02  2.028573e+01  2.800000e+02
     vertex  1.962981e+02  1.945381e+01  2.800000e+02
     vertex  1.968377e+02  1.987725e+01  2.800000e+02
   endloop
 endfacet
 facet normal  0.000000e+00  0.000000e+00 -1.000000e+00
   outer loop
     vertex  1.973887e+02  2.028573e+01  2.800000e+02
     vertex  1.957703e+02  1.901572e+01  2.800000e+02
     vertex  1.962981e+02  1.945381e+01  2.800000e+02
   endloop
 endfacet
 facet normal  0.000000e+00  0.000000e+00 -1.000000e+00
   outer loop
     vertex  2.329637e+02 -1.362077e+01  2.800000e+02
     vertex  2.325821e+02 -1.419076e+01  2.800000e+02
     vertex  2.321850e+02 -1.475007e+01  2.800000e+02
   endloop
 endfacet
 facet normal  0.000000e+00  0.000000e+00 -1.000000e+00
   outer loop
     vertex  1.985233e+02  2.105659e+01  2.800000e+02
     vertex  1.957703e+02  1.901572e+01  2.800000e+02
     vertex  1.973887e+02  2.028573e+01  2.800000e+02
   endloop
 endfacet
 facet normal  0.000000e+00  0.000000e+00 -1.000000e+00
   outer loop
     vertex  1.985233e+02  2.105659e+01  2.800000e+02
     vertex  1.973887e+02  2.028573e+01  2.800000e+02
     vertex  1.979508e+02  2.067894e+01  2.800000e+02
   endloop
 endfacet
 facet normal  0.000000e+00  0.000000e+00 -1.000000e+00
   outer loop
     vertex  1.991061e+02  2.141838e+01  2.800000e+02
     vertex  1.957703e+02  1.901572e+01  2.800000e+02
     vertex  1.985233e+02  2.105659e+01  2.800000e+02
   endloop
 endfacet
 facet normal  0.000000e+00  0.000000e+00 -1.000000e+00
   outer loop
     vertex  1.996985e+02  2.176405e+01  2.800000e+02
     vertex  1.957703e+02  1.901572e+01  2.800000e+02
     vertex  1.991061e+02  2.141838e+01  2.800000e+02
   endloop
 endfacet
 facet normal  0.000000e+00  0.000000e+00 -1.000000e+00
   outer loop
     vertex  2.340126e+02 -1.185103e+01  2.800000e+02
     vertex  2.336792e+02 -1.245046e+01  2.800000e+02
     vertex  2.333294e+02 -1.304053e+01  2.800000e+02
   endloop
 endfacet
 facet normal  0.000000e+00  0.000000e+00 -1.000000e+00
   outer loop
     vertex  2.343294e+02 -1.124268e+01  2.800000e+02
     vertex  2.333294e+02 -1.304053e+01  2.800000e+02
     vertex  2.329637e+02 -1.362077e+01  2.800000e+02
   endloop
 endfacet
 facet normal  0.000000e+00  0.000000e+00 -1.000000e+00
   outer loop
     vertex  2.343294e+02 -1.124268e+01  2.800000e+02
     vertex  2.340126e+02 -1.185103e+01  2.800000e+02
     vertex  2.333294e+02 -1.304053e+01  2.800000e+02
   endloop
 endfacet
 facet normal  0.000000e+00  0.000000e+00 -1.000000e+00
   outer loop
     vertex  2.009108e+02  2.240599e+01  2.800000e+02
     vertex  1.996985e+02  2.176405e+01  2.800000e+02
     vertex  2.003002e+02  2.209334e+01  2.800000e+02
   endloop
 endfacet
 facet normal  0.000000e+00  0.000000e+00 -1.000000e+00
   outer loop
     vertex  2.346294e+02 -1.062586e+01  2.800000e+02
     vertex  2.343294e+02 -1.124268e+01  2.800000e+02
     vertex  2.329637e+02 -1.362077e+01  2.800000e+02
   endloop
 endfacet
 facet normal  0.000000e+00 -0.000000e+00 -1.000000e+00
   outer loop
     vertex  2.015296e+02  2.270178e+01  2.800000e+02
     vertex  2.067240e+02 -2.443693e+01  2.800000e+02
     vertex  1.912252e+02 -1.390707e+01  2.800000e+02
   endloop
 endfacet
 facet normal  0.000000e+00  0.000000e+00 -1.000000e+00
   outer loop
     vertex  2.015296e+02  2.270178e+01  2.800000e+02
     vertex  1.912252e+02 -1.390707e+01  2.800000e+02
     vertex  1.957703e+02  1.901572e+01  2.800000e+02
   endloop
 endfacet
 facet normal  0.000000e+00  0.000000e+00 -1.000000e+00
   outer loop
     vertex  2.015296e+02  2.270178e+01  2.800000e+02
     vertex  1.996985e+02  2.176405e+01  2.800000e+02
     vertex  2.009108e+02  2.240599e+01  2.800000e+02
   endloop
 endfacet
 facet normal  0.000000e+00  0.000000e+00 -1.000000e+00
   outer loop
     vertex  2.015296e+02  2.270178e+01  2.800000e+02
     vertex  1.957703e+02  1.901572e+01  2.800000e+02
     vertex  1.996985e+02  2.176405e+01  2.800000e+02
   endloop
 endfacet
 facet normal  0.000000e+00  0.000000e+00 -1.000000e+00
   outer loop
     vertex  2.349124e+02 -1.000104e+01  2.800000e+02
     vertex  2.346294e+02 -1.062586e+01  2.800000e+02
     vertex  2.329637e+02 -1.362077e+01  2.800000e+02
   endloop
 endfacet
 facet normal  0.000000e+00  0.000000e+00 -1.000000e+00
   outer loop
     vertex  2.349124e+02 -1.000104e+01  2.800000e+02
     vertex  2.329637e+02 -1.362077e+01  2.800000e+02
     vertex  2.321850e+02 -1.475007e+01  2.800000e+02
   endloop
 endfacet
 facet normal  0.000000e+00  0.000000e+00 -1.000000e+00
   outer loop
     vertex  2.354265e+02 -8.729301e+00  2.800000e+02
     vertex  2.349124e+02 -1.000104e+01  2.800000e+02
     vertex  2.321850e+02 -1.475007e+01  2.800000e+02
   endloop
 endfacet
 facet normal  0.000000e+00  0.000000e+00 -1.000000e+00
   outer loop
     vertex  2.354265e+02 -8.729301e+00  2.800000e+02
     vertex  2.351782e+02 -9.368698e+00  2.800000e+02
     vertex  2.349124e+02 -1.000104e+01  2.800000e+02
   endloop
 endfacet
 facet normal  0.000000e+00 -0.000000e+00 -1.000000e+00
   outer loop
     vertex  2.034316e+02  2.348579e+01  2.800000e+02
     vertex  2.067240e+02 -2.443693e+01  2.800000e+02
     vertex  2.015296e+02  2.270178e+01  2.800000e+02
   endloop
 endfacet
 facet normal  0.000000e+00  0.000000e+00 -1.000000e+00
   outer loop
     vertex  2.034316e+02  2.348579e+01  2.800000e+02
     vertex  2.021564e+02  2.298048e+01  2.800000e+02
     vertex  2.027905e+02  2.324189e+01  2.800000e+02
   endloop
 endfacet
 facet normal  0.000000e+00  0.000000e+00 -1.000000e+00
   outer loop
     vertex  2.034316e+02  2.348579e+01  2.800000e+02
     vertex  2.015296e+02  2.270178e+01  2.800000e+02
     vertex  2.021564e+02  2.298048e+01  2.800000e+02
   endloop
 endfacet
 facet normal  0.000000e+00  0.000000e+00 -1.000000e+00
   outer loop
     vertex  2.356571e+02 -8.083332e+00  2.800000e+02
     vertex  2.354265e+02 -8.729301e+00  2.800000e+02
     vertex  2.321850e+02 -1.475007e+01  2.800000e+02
   endloop
 endfacet
 facet normal  0.000000e+00  0.000000e+00 -1.000000e+00
   outer loop
     vertex  2.362416e+02 -6.110886e+00  2.800000e+02
     vertex  2.360649e+02 -6.773632e+00  2.800000e+02
     vertex  2.358700e+02 -7.431279e+00  2.800000e+02
   endloop
 endfacet
 facet normal  0.000000e+00  0.000000e+00 -1.000000e+00
   outer loop
     vertex  2.060555e+02  2.428299e+01  2.800000e+02
     vertex  2.047326e+02  2.392039e+01  2.800000e+02
     vertex  2.053916e+02  2.411077e+01  2.800000e+02
   endloop
 endfacet
 facet normal  0.000000e+00  0.000000e+00 -1.000000e+00
   outer loop
     vertex  2.060555e+02  2.428299e+01  2.800000e+02
     vertex  2.040791e+02  2.371202e+01  2.800000e+02
     vertex  2.047326e+02  2.392039e+01  2.800000e+02
   endloop
 endfacet
 facet normal  0.000000e+00  0.000000e+00 -1.000000e+00
   outer loop
     vertex  2.364002e+02 -5.443539e+00  2.800000e+02
     vertex  2.358700e+02 -7.431279e+00  2.800000e+02
     vertex  2.356571e+02 -8.083332e+00  2.800000e+02
   endloop
 endfacet
 facet normal  0.000000e+00  0.000000e+00 -1.000000e+00
   outer loop
     vertex  2.364002e+02 -5.443539e+00  2.800000e+02
     vertex  2.362416e+02 -6.110886e+00  2.800000e+02
     vertex  2.358700e+02 -7.431279e+00  2.800000e+02
   endloop
 endfacet
 facet normal  0.000000e+00 -0.000000e+00 -1.000000e+00
   outer loop
     vertex  2.067240e+02  2.443693e+01  2.800000e+02
     vertex  2.067240e+02 -2.443693e+01  2.800000e+02
     vertex  2.034316e+02  2.348579e+01  2.800000e+02
   endloop
 endfacet
 facet normal  0.000000e+00  0.000000e+00 -1.000000e+00
   outer loop
     vertex  2.067240e+02  2.443693e+01  2.800000e+02
     vertex  2.040791e+02  2.371202e+01  2.800000e+02
     vertex  2.060555e+02  2.428299e+01  2.800000e+02
   endloop
 endfacet
 facet normal  0.000000e+00  0.000000e+00 -1.000000e+00
   outer loop
     vertex  2.067240e+02  2.443693e+01  2.800000e+02
     vertex  2.034316e+02  2.348579e+01  2.800000e+02
     vertex  2.040791e+02  2.371202e+01  2.800000e+02
   endloop
 endfacet
 facet normal  0.000000e+00  0.000000e+00 -1.000000e+00
   outer loop
     vertex  2.365403e+02 -4.772095e+00  2.800000e+02
     vertex  2.364002e+02 -5.443539e+00  2.800000e+02
     vertex  2.356571e+02 -8.083332e+00  2.800000e+02
   endloop
 endfacet
 facet normal  0.000000e+00  0.000000e+00 -1.000000e+00
   outer loop
     vertex  2.367651e+02 -3.418938e+00  2.800000e+02
     vertex  2.366620e+02 -4.097059e+00  2.800000e+02
     vertex  2.365403e+02 -4.772095e+00  2.800000e+02
   endloop
 endfacet
 facet normal  0.000000e+00  0.000000e+00 -1.000000e+00
   outer loop
     vertex  2.087510e+02  2.478798e+01  2.800000e+02
     vertex  2.073963e+02  2.457247e+01  2.800000e+02
     vertex  2.080722e+02  2.468952e+01  2.800000e+02
   endloop
 endfacet
 facet normal  0.000000e+00  0.000000e+00 -1.000000e+00
   outer loop
     vertex  2.094323e+02  2.486779e+01  2.800000e+02
     vertex  2.073963e+02  2.457247e+01  2.800000e+02
     vertex  2.087510e+02  2.478798e+01  2.800000e+02
   endloop
 endfacet
 facet normal  0.000000e+00  0.000000e+00 -1.000000e+00
   outer loop
     vertex  2.094323e+02  2.486779e+01  2.800000e+02
     vertex  2.067240e+02  2.443693e+01  2.800000e+02
     vertex  2.073963e+02  2.457247e+01  2.800000e+02
   endloop
 endfacet
 facet normal  0.000000e+00  0.000000e+00 -1.000000e+00
   outer loop
     vertex  2.101155e+02  2.492887e+01  2.800000e+02
     vertex  2.067240e+02  2.443693e+01  2.800000e+02
     vertex  2.094323e+02  2.486779e+01  2.800000e+02
   endloop
 endfacet
 facet normal  0.000000e+00  0.000000e+00 -1.000000e+00
   outer loop
     vertex  2.108001e+02  2.497119e+01  2.800000e+02
     vertex  2.067240e+02 -2.443693e+01  2.800000e+02
     vertex  2.067240e+02  2.443693e+01  2.800000e+02
   endloop
 endfacet
 facet normal  0.000000e+00  0.000000e+00 -1.000000e+00
   outer loop
     vertex  2.108001e+02  2.497119e+01  2.800000e+02
     vertex  2.067240e+02  2.443693e+01  2.800000e+02
     vertex  2.101155e+02  2.492887e+01  2.800000e+02
   endloop
 endfacet
 facet normal  0.000000e+00  0.000000e+00 -1.000000e+00
   outer loop
     vertex  2.369906e+02  6.858512e-01  2.800000e+02
     vertex  2.368496e+02 -2.738244e+00  2.800000e+02
     vertex  2.367651e+02 -3.418938e+00  2.800000e+02
   endloop
 endfacet
 facet normal  0.000000e+00  0.000000e+00 -1.000000e+00
   outer loop
     vertex  2.369906e+02  6.858512e-01  2.800000e+02
     vertex  2.369154e+02 -2.055489e+00  2.800000e+02
     vertex  2.368496e+02 -2.738244e+00  2.800000e+02
   endloop
 endfacet
 facet normal  0.000000e+00  0.000000e+00 -1.000000e+00
   outer loop
     vertex  2.369906e+02  6.858512e-01  2.800000e+02
     vertex  2.369624e+02 -1.371186e+00  2.800000e+02
     vertex  2.369154e+02 -2.055489e+00  2.800000e+02
   endloop
 endfacet
 facet normal  0.000000e+00 -0.000000e+00 -1.000000e+00
   outer loop
     vertex  2.369906e+02  6.858512e-01  2.800000e+02
     vertex  2.369906e+02 -6.858512e-01  2.800000e+02
     vertex  2.369624e+02 -1.371186e+00  2.800000e+02
   endloop
 endfacet
 facet normal  0.000000e+00  0.000000e+00 -1.000000e+00
   outer loop
     vertex  2.369906e+02  6.858512e-01  2.800000e+02
     vertex  2.370000e+02 -6.123234e-15  2.800000e+02
     vertex  2.369906e+02 -6.858512e-01  2.800000e+02
   endloop
 endfacet
 facet normal  0.000000e+00  0.000000e+00 -1.000000e+00
   outer loop
     vertex  2.135424e+02  2.495238e+01  2.800000e+02
     vertex  2.121715e+02  2.499941e+01  2.800000e+02
     vertex  2.128573e+02  2.498530e+01  2.800000e+02
   endloop
 endfacet
 facet normal  0.000000e+00  0.000000e+00 -1.000000e+00
   outer loop
     vertex  2.135424e+02  2.495238e+01  2.800000e+02
     vertex  2.114856e+02  2.499471e+01  2.800000e+02
     vertex  2.121715e+02  2.499941e+01  2.800000e+02
   endloop
 endfacet
 facet normal  0.000000e+00  0.000000e+00 -1.000000e+00
   outer loop
     vertex  2.135424e+02  2.495238e+01  2.800000e+02
     vertex  2.108001e+02  2.497119e+01  2.800000e+02
     vertex  2.114856e+02  2.499471e+01  2.800000e+02
   endloop
 endfacet
 facet normal  0.000000e+00  0.000000e+00 -1.000000e+00
   outer loop
     vertex  2.369154e+02  2.055489e+00  2.800000e+02
     vertex  2.369624e+02  1.371186e+00  2.800000e+02
     vertex  2.369906e+02  6.858512e-01  2.800000e+02
   endloop
 endfacet
 facet normal  0.000000e+00  0.000000e+00 -1.000000e+00
   outer loop
     vertex  2.369154e+02  2.055489e+00  2.800000e+02
     vertex  2.365403e+02 -4.772095e+00  2.800000e+02
     vertex  2.356571e+02 -8.083332e+00  2.800000e+02
   endloop
 endfacet
 facet normal  0.000000e+00  0.000000e+00 -1.000000e+00
   outer loop
     vertex  2.369154e+02  2.055489e+00  2.800000e+02
     vertex  2.367651e+02 -3.418938e+00  2.800000e+02
     vertex  2.365403e+02 -4.772095e+00  2.800000e+02
   endloop
 endfacet
 facet normal  0.000000e+00 -0.000000e+00 -1.000000e+00
   outer loop
     vertex  2.369154e+02  2.055489e+00  2.800000e+02
     vertex  2.369906e+02  6.858512e-01  2.800000e+02
     vertex  2.367651e+02 -3.418938e+00  2.800000e+02
   endloop
 endfacet
 facet normal  0.000000e+00  0.000000e+00 -1.000000e+00
   outer loop
     vertex  2.142263e+02  2.490067e+01  2.800000e+02
     vertex  2.108001e+02  2.497119e+01  2.800000e+02
     vertex  2.135424e+02  2.495238e+01  2.800000e+02
   endloop
 endfacet
 facet normal  0.000000e+00 -0.000000e+00 -1.000000e+00
   outer loop
     vertex  2.368496e+02  2.738244e+00  2.800000e+02
     vertex  2.369154e+02  2.055489e+00  2.800000e+02
     vertex  2.356571e+02 -8.083332e+00  2.800000e+02
   endloop
 endfacet
 facet normal  0.000000e+00  0.000000e+00 -1.000000e+00
   outer loop
     vertex  2.149086e+02  2.483022e+01  2.800000e+02
     vertex  2.108001e+02  2.497119e+01  2.800000e+02
     vertex  2.142263e+02  2.490067e+01  2.800000e+02
   endloop
 endfacet
 facet normal -0.000000e+00  0.000000e+00 -1.000000e+00
   outer loop
     vertex  2.155887e+02  2.474108e+01  2.800000e+02
     vertex  2.067240e+02 -2.443693e+01  2.800000e+02
     vertex  2.108001e+02  2.497119e+01  2.800000e+02
   endloop
 endfacet
 facet normal  0.000000e+00  0.000000e+00 -1.000000e+00
   outer loop
     vertex  2.155887e+02  2.474108e+01  2.800000e+02
     vertex  2.108001e+02  2.497119e+01  2.800000e+02
     vertex  2.149086e+02  2.483022e+01  2.800000e+02
   endloop
 endfacet
 facet normal  0.000000e+00  0.000000e+00 -1.000000e+00
   outer loop
     vertex  2.182770e+02  2.419915e+01  2.800000e+02
     vertex  2.169403e+02  2.450701e+01  2.800000e+02
     vertex  2.176108e+02  2.436225e+01  2.800000e+02
   endloop
 endfacet
 facet normal  0.000000e+00  0.000000e+00 -1.000000e+00
   outer loop
     vertex  2.182770e+02  2.419915e+01  2.800000e+02
     vertex  2.162661e+02  2.463331e+01  2.800000e+02
     vertex  2.169403e+02  2.450701e+01  2.800000e+02
   endloop
 endfacet
 facet normal  0.000000e+00  0.000000e+00 -1.000000e+00
   outer loop
     vertex  2.182770e+02  2.419915e+01  2.800000e+02
     vertex  2.155887e+02  2.474108e+01  2.800000e+02
     vertex  2.162661e+02  2.463331e+01  2.800000e+02
   endloop
 endfacet
 facet normal  0.000000e+00  0.000000e+00 -1.000000e+00
   outer loop
     vertex  2.360649e+02  6.773632e+00  2.800000e+02
     vertex  2.366620e+02  4.097059e+00  2.800000e+02
     vertex  2.367651e+02  3.418938e+00  2.800000e+02
   endloop
 endfacet
 facet normal  0.000000e+00  0.000000e+00 -1.000000e+00
   outer loop
     vertex  2.360649e+02  6.773632e+00  2.800000e+02
     vertex  2.365403e+02  4.772095e+00  2.800000e+02
     vertex  2.366620e+02  4.097059e+00  2.800000e+02
   endloop
 endfacet
 facet normal  0.000000e+00  0.000000e+00 -1.000000e+00
   outer loop
     vertex  2.360649e+02  6.773632e+00  2.800000e+02
     vertex  2.364002e+02  5.443539e+00  2.800000e+02
     vertex  2.365403e+02  4.772095e+00  2.800000e+02
   endloop
 endfacet
 facet normal  0.000000e+00  0.000000e+00 -1.000000e+00
   outer loop
     vertex  2.360649e+02  6.773632e+00  2.800000e+02
     vertex  2.362416e+02  6.110886e+00  2.800000e+02
     vertex  2.364002e+02  5.443539e+00  2.800000e+02
   endloop
 endfacet
 facet normal  0.000000e+00  0.000000e+00 -1.000000e+00
   outer loop
     vertex  2.189385e+02  2.401784e+01  2.800000e+02
     vertex  2.155887e+02  2.474108e+01  2.800000e+02
     vertex  2.182770e+02  2.419915e+01  2.800000e+02
   endloop
 endfacet
 facet normal  0.000000e+00  0.000000e+00 -1.000000e+00
   outer loop
     vertex  2.195948e+02  2.381845e+01  2.800000e+02
     vertex  2.155887e+02  2.474108e+01  2.800000e+02
     vertex  2.189385e+02  2.401784e+01  2.800000e+02
   endloop
 endfacet
 facet normal  0.000000e+00  0.000000e+00 -1.000000e+00
   outer loop
     vertex  2.202454e+02  2.360113e+01  2.800000e+02
     vertex  2.155887e+02  2.474108e+01  2.800000e+02
     vertex  2.195948e+02  2.381845e+01  2.800000e+02
   endloop
 endfacet
 facet normal  0.000000e+00  0.000000e+00 -1.000000e+00
   outer loop
     vertex  2.354265e+02  8.729301e+00  2.800000e+02
     vertex  2.356571e+02  8.083332e+00  2.800000e+02
     vertex  2.358700e+02  7.431279e+00  2.800000e+02
   endloop
 endfacet
 facet normal  0.000000e+00  0.000000e+00 -1.000000e+00
   outer loop
     vertex  2.208898e+02  2.336604e+01  2.800000e+02
     vertex  2.155887e+02  2.474108e+01  2.800000e+02
     vertex  2.202454e+02  2.360113e+01  2.800000e+02
   endloop
 endfacet
 facet normal -0.000000e+00  0.000000e+00 -1.000000e+00
   outer loop
     vertex  2.208898e+02  2.336604e+01  2.800000e+02
     vertex  2.067240e+02 -2.443693e+01  2.800000e+02
     vertex  2.155887e+02  2.474108e+01  2.800000e+02
   endloop
 endfacet
 facet normal  0.000000e+00  0.000000e+00 -1.000000e+00
   outer loop
     vertex  2.351782e+02  9.368698e+00  2.800000e+02
     vertex  2.360649e+02  6.773632e+00  2.800000e+02
     vertex  2.367651e+02  3.418938e+00  2.800000e+02
   endloop
 endfacet
 facet normal  0.000000e+00  0.000000e+00 -1.000000e+00
   outer loop
     vertex  2.351782e+02  9.368698e+00  2.800000e+02
     vertex  2.367651e+02  3.418938e+00  2.800000e+02
     vertex  2.368496e+02  2.738244e+00  2.800000e+02
   endloop
 endfacet
 facet normal  0.000000e+00  0.000000e+00 -1.000000e+00
   outer loop
     vertex  2.351782e+02  9.368698e+00  2.800000e+02
     vertex  2.354265e+02  8.729301e+00  2.800000e+02
     vertex  2.358700e+02  7.431279e+00  2.800000e+02
   endloop
 endfacet
 facet normal  0.000000e+00  0.000000e+00 -1.000000e+00
   outer loop
     vertex  2.351782e+02  9.368698e+00  2.800000e+02
     vertex  2.358700e+02  7.431279e+00  2.800000e+02
     vertex  2.360649e+02  6.773632e+00  2.800000e+02
   endloop
 endfacet
 facet normal  0.000000e+00 -0.000000e+00 -1.000000e+00
   outer loop
     vertex  2.351782e+02  9.368698e+00  2.800000e+02
     vertex  2.356571e+02 -8.083332e+00  2.800000e+02
     vertex  2.321850e+02 -1.475007e+01  2.800000e+02
   endloop
 endfacet
 facet normal  0.000000e+00  0.000000e+00 -1.000000e+00
   outer loop
     vertex  2.351782e+02  9.368698e+00  2.800000e+02
     vertex  2.321850e+02 -1.475007e+01  2.800000e+02
     vertex  2.067240e+02 -2.443693e+01  2.800000e+02
   endloop
 endfacet
 facet normal  0.000000e+00  0.000000e+00 -1.000000e+00
   outer loop
     vertex  2.351782e+02  9.368698e+00  2.800000e+02
     vertex  2.368496e+02  2.738244e+00  2.800000e+02
     vertex  2.356571e+02 -8.083332e+00  2.800000e+02
   endloop
 endfacet
 facet normal  0.000000e+00  0.000000e+00 -1.000000e+00
   outer loop
     vertex  2.227808e+02  2.255601e+01  2.800000e+02
     vertex  2.215275e+02  2.311336e+01  2.800000e+02
     vertex  2.221580e+02  2.284328e+01  2.800000e+02
   endloop
 endfacet
 facet normal  0.000000e+00  0.000000e+00 -1.000000e+00
   outer loop
     vertex  2.240017e+02  2.193076e+01  2.800000e+02
     vertex  2.227808e+02  2.255601e+01  2.800000e+02
     vertex  2.233956e+02  2.225176e+01  2.800000e+02
   endloop
 endfacet
 facet normal  0.000000e+00  0.000000e+00 -1.000000e+00
   outer loop
     vertex  2.336792e+02  1.245046e+01  2.800000e+02
     vertex  2.349124e+02  1.000104e+01  2.800000e+02
     vertex  2.351782e+02  9.368698e+00  2.800000e+02
   endloop
 endfacet
 facet normal  0.000000e+00  0.000000e+00 -1.000000e+00
   outer loop
     vertex  2.336792e+02  1.245046e+01  2.800000e+02
     vertex  2.346294e+02  1.062586e+01  2.800000e+02
     vertex  2.349124e+02  1.000104e+01  2.800000e+02
   endloop
 endfacet
 facet normal  0.000000e+00  0.000000e+00 -1.000000e+00
   outer loop
     vertex  2.336792e+02  1.245046e+01  2.800000e+02
     vertex  2.343294e+02  1.124268e+01  2.800000e+02
     vertex  2.346294e+02  1.062586e+01  2.800000e+02
   endloop
 endfacet
 facet normal  0.000000e+00  0.000000e+00 -1.000000e+00
   outer loop
     vertex  2.336792e+02  1.245046e+01  2.800000e+02
     vertex  2.340126e+02  1.185103e+01  2.800000e+02
     vertex  2.343294e+02  1.124268e+01  2.800000e+02
   endloop
 endfacet
 facet normal  0.000000e+00  0.000000e+00 -1.000000e+00
   outer loop
     vertex  2.251865e+02  2.123948e+01  2.800000e+02
     vertex  2.240017e+02  2.193076e+01  2.800000e+02
     vertex  2.245989e+02  2.159325e+01  2.800000e+02
   endloop
 endfacet
 facet normal  0.000000e+00  0.000000e+00 -1.000000e+00
   outer loop
     vertex  2.329637e+02  1.362077e+01  2.800000e+02
     vertex  2.333294e+02  1.304053e+01  2.800000e+02
     vertex  2.336792e+02  1.245046e+01  2.800000e+02
   endloop
 endfacet
 facet normal  0.000000e+00  0.000000e+00 -1.000000e+00
   outer loop
     vertex  2.257642e+02  2.086973e+01  2.800000e+02
     vertex  2.227808e+02  2.255601e+01  2.800000e+02
     vertex  2.240017e+02  2.193076e+01  2.800000e+02
   endloop
 endfacet
 facet normal  0.000000e+00  0.000000e+00 -1.000000e+00
   outer loop
     vertex  2.257642e+02  2.086973e+01  2.800000e+02
     vertex  2.240017e+02  2.193076e+01  2.800000e+02
     vertex  2.251865e+02  2.123948e+01  2.800000e+02
   endloop
 endfacet
 facet normal  0.000000e+00  0.000000e+00 -1.000000e+00
   outer loop
     vertex  2.325821e+02  1.419076e+01  2.800000e+02
     vertex  2.336792e+02  1.245046e+01  2.800000e+02
     vertex  2.351782e+02  9.368698e+00  2.800000e+02
   endloop
 endfacet
 facet normal  0.000000e+00  0.000000e+00 -1.000000e+00
   outer loop
     vertex  2.325821e+02  1.419076e+01  2.800000e+02
     vertex  2.329637e+02  1.362077e+01  2.800000e+02
     vertex  2.336792e+02  1.245046e+01  2.800000e+02
   endloop
 endfacet
 facet normal  0.000000e+00  0.000000e+00 -1.000000e+00
   outer loop
     vertex  2.317728e+02  1.529827e+01  2.800000e+02
     vertex  2.321850e+02  1.475007e+01  2.800000e+02
     vertex  2.325821e+02  1.419076e+01  2.800000e+02
   endloop
 endfacet
 facet normal  0.000000e+00  0.000000e+00 -1.000000e+00
   outer loop
     vertex  2.313456e+02  1.583496e+01  2.800000e+02
     vertex  2.317728e+02  1.529827e+01  2.800000e+02
     vertex  2.325821e+02  1.419076e+01  2.800000e+02
   endloop
 endfacet
 facet normal  0.000000e+00  0.000000e+00 -1.000000e+00
   outer loop
     vertex  2.309039e+02  1.635973e+01  2.800000e+02
     vertex  2.325821e+02  1.419076e+01  2.800000e+02
     vertex  2.351782e+02  9.368698e+00  2.800000e+02
   endloop
 endfacet
 facet normal  0.000000e+00  0.000000e+00 -1.000000e+00
   outer loop
     vertex  2.309039e+02  1.635973e+01  2.800000e+02
     vertex  2.313456e+02  1.583496e+01  2.800000e+02
     vertex  2.325821e+02  1.419076e+01  2.800000e+02
   endloop
 endfacet
 facet normal  0.000000e+00  0.000000e+00 -1.000000e+00
   outer loop
     vertex  2.284890e+02  1.879128e+01  2.800000e+02
     vertex  2.227808e+02  2.255601e+01  2.800000e+02
     vertex  2.257642e+02  2.086973e+01  2.800000e+02
   endloop
 endfacet
 facet normal  0.000000e+00  0.000000e+00 -1.000000e+00
   outer loop
     vertex  2.284890e+02  1.879128e+01  2.800000e+02
     vertex  2.274335e+02  1.966738e+01  2.800000e+02
     vertex  2.279673e+02  1.923657e+01  2.800000e+02
   endloop
 endfacet
 facet normal  0.000000e+00  0.000000e+00 -1.000000e+00
   outer loop
     vertex  2.284890e+02  1.879128e+01  2.800000e+02
     vertex  2.268882e+02  2.008338e+01  2.800000e+02
     vertex  2.274335e+02  1.966738e+01  2.800000e+02
   endloop
 endfacet
 facet normal  0.000000e+00  0.000000e+00 -1.000000e+00
   outer loop
     vertex  2.284890e+02  1.879128e+01  2.800000e+02
     vertex  2.263316e+02  2.048426e+01  2.800000e+02
     vertex  2.268882e+02  2.008338e+01  2.800000e+02
   endloop
 endfacet
 facet normal  0.000000e+00  0.000000e+00 -1.000000e+00
   outer loop
     vertex  2.284890e+02  1.879128e+01  2.800000e+02
     vertex  2.257642e+02  2.086973e+01  2.800000e+02
     vertex  2.263316e+02  2.048426e+01  2.800000e+02
   endloop
 endfacet
 facet normal  0.000000e+00  0.000000e+00 -1.000000e+00
   outer loop
     vertex  2.284890e+02  1.879128e+01  2.800000e+02
     vertex  2.215275e+02  2.311336e+01  2.800000e+02
     vertex  2.227808e+02  2.255601e+01  2.800000e+02
   endloop
 endfacet
 facet normal  0.000000e+00  0.000000e+00 -1.000000e+00
   outer loop
     vertex  2.284890e+02  1.879128e+01  2.800000e+02
     vertex  2.208898e+02  2.336604e+01  2.800000e+02
     vertex  2.215275e+02  2.311336e+01  2.800000e+02
   endloop
 endfacet
 facet normal  0.000000e+00  0.000000e+00 -1.000000e+00
   outer loop
     vertex  2.304480e+02  1.687219e+01  2.800000e+02
     vertex  2.309039e+02  1.635973e+01  2.800000e+02
     vertex  2.351782e+02  9.368698e+00  2.800000e+02
   endloop
 endfacet
 facet normal  0.000000e+00  0.000000e+00 -1.000000e+00
   outer loop
     vertex  2.289983e+02  1.833185e+01  2.800000e+02
     vertex  2.208898e+02  2.336604e+01  2.800000e+02
     vertex  2.284890e+02  1.879128e+01  2.800000e+02
   endloop
 endfacet
 facet normal  0.000000e+00  0.000000e+00 -1.000000e+00
   outer loop
     vertex  2.299782e+02  1.737194e+01  2.800000e+02
     vertex  2.304480e+02  1.687219e+01  2.800000e+02
     vertex  2.351782e+02  9.368698e+00  2.800000e+02
   endloop
 endfacet
 facet normal -0.000000e+00  0.000000e+00 -1.000000e+00
   outer loop
     vertex  2.294949e+02  1.785862e+01  2.800000e+02
     vertex  2.067240e+02 -2.443693e+01  2.800000e+02
     vertex  2.208898e+02  2.336604e+01  2.800000e+02
   endloop
 endfacet
 facet normal  0.000000e+00 -0.000000e+00 -1.000000e+00
   outer loop
     vertex  2.294949e+02  1.785862e+01  2.800000e+02
     vertex  2.351782e+02  9.368698e+00  2.800000e+02
     vertex  2.067240e+02 -2.443693e+01  2.800000e+02
   endloop
 endfacet
 facet normal  0.000000e+00  0.000000e+00 -1.000000e+00
   outer loop
     vertex  2.294949e+02  1.785862e+01  2.800000e+02
     vertex  2.299782e+02  1.737194e+01  2.800000e+02
     vertex  2.351782e+02  9.368698e+00  2.800000e+02
   endloop
 endfacet
 facet normal  0.000000e+00  0.000000e+00 -1.000000e+00
   outer loop
     vertex  2.294949e+02  1.785862e+01  2.800000e+02
     vertex  2.208898e+02  2.336604e+01  2.800000e+02
     vertex  2.289983e+02  1.833185e+01  2.800000e+02
   endloop
 endfacet
 facet normal  0.000000e+00  0.000000e+00  1.000000e+00
   outer loop
     vertex  2.304525e+02 -1.686723e+01  5.000000e+02
     vertex  2.295000e+02 -1.785357e+01  5.000000e+02
     vertex  2.299830e+02 -1.736693e+01  5.000000e+02
   endloop
 endfacet
 facet normal  0.000000e+00  0.000000e+00  1.000000e+00
   outer loop
     vertex  2.317764e+02 -1.529356e+01  5.000000e+02
     vertex  2.304525e+02 -1.686723e+01  5.000000e+02
     vertex  2.309082e+02 -1.635485e+01  5.000000e+02
   endloop
 endfacet
 facet normal  0.000000e+00  0.000000e+00  1.000000e+00
   outer loop
     vertex  2.317764e+02 -1.529356e+01  5.000000e+02
     vertex  2.309082e+02 -1.635485e+01  5.000000e+02
     vertex  2.313496e+02 -1.583015e+01  5.000000e+02
   endloop
 endfacet
 facet normal  0.000000e+00  0.000000e+00  1.000000e+00
   outer loop
     vertex  2.325852e+02 -1.418626e+01  5.000000e+02
     vertex  2.317764e+02 -1.529356e+01  5.000000e+02
     vertex  2.321884e+02 -1.474545e+01  5.000000e+02
   endloop
 endfacet
 facet normal  0.000000e+00  0.000000e+00  1.000000e+00
   outer loop
     vertex  2.329665e+02 -1.361639e+01  5.000000e+02
     vertex  2.317764e+02 -1.529356e+01  5.000000e+02
     vertex  2.325852e+02 -1.418626e+01  5.000000e+02
   endloop
 endfacet
 facet normal  0.000000e+00  0.000000e+00  1.000000e+00
   outer loop
     vertex  2.340147e+02 -1.184709e+01  5.000000e+02
     vertex  2.329665e+02 -1.361639e+01  5.000000e+02
     vertex  2.333320e+02 -1.303628e+01  5.000000e+02
   endloop
 endfacet
 facet normal  0.000000e+00  0.000000e+00  1.000000e+00
   outer loop
     vertex  2.340147e+02 -1.184709e+01  5.000000e+02
     vertex  2.333320e+02 -1.303628e+01  5.000000e+02
     vertex  2.336815e+02 -1.244637e+01  5.000000e+02
   endloop
 endfacet
 facet normal  0.000000e+00  0.000000e+00  1.000000e+00
   outer loop
     vertex  2.346311e+02 -1.062226e+01  5.000000e+02
     vertex  2.340147e+02 -1.184709e+01  5.000000e+02
     vertex  2.343313e+02 -1.123890e+01  5.000000e+02
   endloop
 endfacet
 facet normal  0.000000e+00  0.000000e+00  1.000000e+00
   outer loop
     vertex  2.346311e+02 -1.062226e+01  5.000000e+02
     vertex  2.329665e+02 -1.361639e+01  5.000000e+02
     vertex  2.340147e+02 -1.184709e+01  5.000000e+02
   endloop
 endfacet
 facet normal  0.000000e+00  0.000000e+00  1.000000e+00
   outer loop
     vertex  2.346311e+02 -1.062226e+01  5.000000e+02
     vertex  2.304525e+02 -1.686723e+01  5.000000e+02
     vertex  2.317764e+02 -1.529356e+01  5.000000e+02
   endloop
 endfacet
 facet normal  0.000000e+00  0.000000e+00  1.000000e+00
   outer loop
     vertex  2.346311e+02 -1.062226e+01  5.000000e+02
     vertex  2.317764e+02 -1.529356e+01  5.000000e+02
     vertex  2.329665e+02 -1.361639e+01  5.000000e+02
   endloop
 endfacet
 facet normal  0.000000e+00  0.000000e+00  1.000000e+00
   outer loop
     vertex  2.354276e+02 -8.726272e+00  5.000000e+02
     vertex  2.346311e+02 -1.062226e+01  5.000000e+02
     vertex  2.349139e+02 -9.997625e+00  5.000000e+02
   endloop
 endfacet
 facet normal  0.000000e+00  0.000000e+00  1.000000e+00
   outer loop
     vertex  2.354276e+02 -8.726272e+00  5.000000e+02
     vertex  2.349139e+02 -9.997625e+00  5.000000e+02
     vertex  2.351795e+02 -9.365471e+00  5.000000e+02
   endloop
 endfacet
 facet normal  0.000000e+00  0.000000e+00  1.000000e+00
   outer loop
     vertex  2.354276e+02 -8.726272e+00  5.000000e+02
     vertex  2.295000e+02 -1.785357e+01  5.000000e+02
     vertex  2.304525e+02 -1.686723e+01  5.000000e+02
   endloop
 endfacet
 facet normal  0.000000e+00  0.000000e+00  1.000000e+00
   outer loop
     vertex  2.354276e+02 -8.726272e+00  5.000000e+02
     vertex  2.304525e+02 -1.686723e+01  5.000000e+02
     vertex  2.346311e+02 -1.062226e+01  5.000000e+02
   endloop
 endfacet
 facet normal  0.000000e+00  0.000000e+00  1.000000e+00
   outer loop
     vertex  2.358708e+02 -7.428668e+00  5.000000e+02
     vertex  2.354276e+02 -8.726272e+00  5.000000e+02
     vertex  2.356581e+02 -8.080509e+00  5.000000e+02
   endloop
 endfacet
 facet normal  0.000000e+00  0.000000e+00  1.000000e+00
   outer loop
     vertex  2.362422e+02 -6.108716e+00  5.000000e+02
     vertex  2.358708e+02 -7.428668e+00  5.000000e+02
     vertex  2.360655e+02 -6.771239e+00  5.000000e+02
   endloop
 endfacet
 facet normal  0.000000e+00  0.000000e+00  1.000000e+00
   outer loop
     vertex  2.364006e+02 -5.441598e+00  5.000000e+02
     vertex  2.358708e+02 -7.428668e+00  5.000000e+02
     vertex  2.362422e+02 -6.108716e+00  5.000000e+02
   endloop
 endfacet
 facet normal  0.000000e+00  0.000000e+00  1.000000e+00
   outer loop
     vertex  2.368497e+02 -2.737256e+00  5.000000e+02
     vertex  2.365406e+02 -4.770387e+00  5.000000e+02
     vertex  2.366622e+02 -4.095587e+00  5.000000e+02
   endloop
 endfacet
 facet normal  0.000000e+00  0.000000e+00  1.000000e+00
   outer loop
     vertex  2.368497e+02 -2.737256e+00  5.000000e+02
     vertex  2.366622e+02 -4.095587e+00  5.000000e+02
     vertex  2.367653e+02 -3.417707e+00  5.000000e+02
   endloop
 endfacet
 facet normal  0.000000e+00  0.000000e+00  1.000000e+00
   outer loop
     vertex  2.369154e+02 -2.054746e+00  5.000000e+02
     vertex  2.365406e+02 -4.770387e+00  5.000000e+02
     vertex  2.368497e+02 -2.737256e+00  5.000000e+02
   endloop
 endfacet
 facet normal  0.000000e+00  0.000000e+00  1.000000e+00
   outer loop
     vertex  2.369624e+02 -1.370690e+00  5.000000e+02
     vertex  2.358708e+02 -7.428668e+00  5.000000e+02
     vertex  2.364006e+02 -5.441598e+00  5.000000e+02
   endloop
 endfacet
 facet normal  0.000000e+00  0.000000e+00  1.000000e+00
   outer loop
     vertex  2.369624e+02 -1.370690e+00  5.000000e+02
     vertex  2.365406e+02 -4.770387e+00  5.000000e+02
     vertex  2.369154e+02 -2.054746e+00  5.000000e+02
   endloop
 endfacet
 facet normal  0.000000e+00  0.000000e+00  1.000000e+00
   outer loop
     vertex  2.369624e+02 -1.370690e+00  5.000000e+02
     vertex  2.364006e+02 -5.441598e+00  5.000000e+02
     vertex  2.365406e+02 -4.770387e+00  5.000000e+02
   endloop
 endfacet
 facet normal  0.000000e+00  0.000000e+00  1.000000e+00
   outer loop
     vertex  2.369624e+02 -1.370690e+00  5.000000e+02
     vertex  2.354276e+02 -8.726272e+00  5.000000e+02
     vertex  2.358708e+02 -7.428668e+00  5.000000e+02
   endloop
 endfacet
 facet normal  0.000000e+00  0.000000e+00  1.000000e+00
   outer loop
     vertex  2.369624e+02 -1.370690e+00  5.000000e+02
     vertex  2.295000e+02 -1.785357e+01  5.000000e+02
     vertex  2.354276e+02 -8.726272e+00  5.000000e+02
   endloop
 endfacet
 facet normal  0.000000e+00  0.000000e+00  1.000000e+00
   outer loop
     vertex  2.370000e+02 -6.123234e-15  5.000000e+02
     vertex  2.369624e+02 -1.370690e+00  5.000000e+02
     vertex  2.369906e+02 -6.856027e-01  5.000000e+02
   endloop
 endfacet
 facet normal  0.000000e+00  0.000000e+00  1.000000e+00
   outer loop
     vertex  2.369906e+02  6.856027e-01  5.000000e+02
     vertex  2.369624e+02 -1.370690e+00  5.000000e+02
     vertex  2.370000e+02 -6.123234e-15  5.000000e+02
   endloop
 endfacet
 facet normal  0.000000e+00  0.000000e+00  1.000000e+00
   outer loop
     vertex  2.369154e+02  2.054746e+00  5.000000e+02
     vertex  2.369906e+02  6.856027e-01  5.000000e+02
     vertex  2.369624e+02  1.370690e+00  5.000000e+02
   endloop
 endfacet
 facet normal  0.000000e+00  0.000000e+00  1.000000e+00
   outer loop
     vertex  2.367653e+02  3.417707e+00  5.000000e+02
     vertex  2.369624e+02 -1.370690e+00  5.000000e+02
     vertex  2.369906e+02  6.856027e-01  5.000000e+02
   endloop
 endfacet
 facet normal  0.000000e+00  0.000000e+00  1.000000e+00
   outer loop
     vertex  2.367653e+02  3.417707e+00  5.000000e+02
     vertex  2.369906e+02  6.856027e-01  5.000000e+02
     vertex  2.369154e+02  2.054746e+00  5.000000e+02
   endloop
 endfacet
 facet normal  0.000000e+00  0.000000e+00  1.000000e+00
   outer loop
     vertex  2.367653e+02  3.417707e+00  5.000000e+02
     vertex  2.369154e+02  2.054746e+00  5.000000e+02
     vertex  2.368497e+02  2.737256e+00  5.000000e+02
   endloop
 endfacet
 facet normal  0.000000e+00  0.000000e+00  1.000000e+00
   outer loop
     vertex  2.365406e+02  4.770387e+00  5.000000e+02
     vertex  2.367653e+02  3.417707e+00  5.000000e+02
     vertex  2.366622e+02  4.095587e+00  5.000000e+02
   endloop
 endfacet
 facet normal  0.000000e+00  0.000000e+00  1.000000e+00
   outer loop
     vertex  2.364006e+02  5.441598e+00  5.000000e+02
     vertex  2.295000e+02 -1.785357e+01  5.000000e+02
     vertex  2.369624e+02 -1.370690e+00  5.000000e+02
   endloop
 endfacet
 facet normal  0.000000e+00  0.000000e+00  1.000000e+00
   outer loop
     vertex  2.364006e+02  5.441598e+00  5.000000e+02
     vertex  2.369624e+02 -1.370690e+00  5.000000e+02
     vertex  2.367653e+02  3.417707e+00  5.000000e+02
   endloop
 endfacet
 facet normal  0.000000e+00  0.000000e+00  1.000000e+00
   outer loop
     vertex  2.364006e+02  5.441598e+00  5.000000e+02
     vertex  2.367653e+02  3.417707e+00  5.000000e+02
     vertex  2.365406e+02  4.770387e+00  5.000000e+02
   endloop
 endfacet
 facet normal  0.000000e+00  0.000000e+00  1.000000e+00
   outer loop
     vertex  2.362422e+02  6.108716e+00  5.000000e+02
     vertex  2.295000e+02 -1.785357e+01  5.000000e+02
     vertex  2.364006e+02  5.441598e+00  5.000000e+02
   endloop
 endfacet
 facet normal  0.000000e+00  0.000000e+00  1.000000e+00
   outer loop
     vertex  2.356581e+02  8.080509e+00  5.000000e+02
     vertex  2.362422e+02  6.108716e+00  5.000000e+02
     vertex  2.360655e+02  6.771239e+00  5.000000e+02
   endloop
 endfacet
 facet normal  0.000000e+00  0.000000e+00  1.000000e+00
   outer loop
     vertex  2.356581e+02  8.080509e+00  5.000000e+02
     vertex  2.360655e+02  6.771239e+00  5.000000e+02
     vertex  2.358708e+02  7.428668e+00  5.000000e+02
   endloop
 endfacet
 facet normal  0.000000e+00  0.000000e+00  1.000000e+00
   outer loop
     vertex  2.351795e+02  9.365471e+00  5.000000e+02
     vertex  2.356581e+02  8.080509e+00  5.000000e+02
     vertex  2.354276e+02  8.726272e+00  5.000000e+02
   endloop
 endfacet
 facet normal  0.000000e+00  0.000000e+00  1.000000e+00
   outer loop
     vertex  2.351795e+02  9.365471e+00  5.000000e+02
     vertex  2.362422e+02  6.108716e+00  5.000000e+02
     vertex  2.356581e+02  8.080509e+00  5.000000e+02
   endloop
 endfacet
 facet normal  0.000000e+00  0.000000e+00  1.000000e+00
   outer loop
     vertex  2.349139e+02  9.997625e+00  5.000000e+02
     vertex  2.362422e+02  6.108716e+00  5.000000e+02
     vertex  2.351795e+02  9.365471e+00  5.000000e+02
   endloop
 endfacet
 facet normal  0.000000e+00  0.000000e+00  1.000000e+00
   outer loop
     vertex  2.346311e+02  1.062226e+01  5.000000e+02
     vertex  2.362422e+02  6.108716e+00  5.000000e+02
     vertex  2.349139e+02  9.997625e+00  5.000000e+02
   endloop
 endfacet
 facet normal  0.000000e+00  0.000000e+00  1.000000e+00
   outer loop
     vertex  2.340147e+02  1.184709e+01  5.000000e+02
     vertex  2.346311e+02  1.062226e+01  5.000000e+02
     vertex  2.343313e+02  1.123890e+01  5.000000e+02
   endloop
 endfacet
 facet normal  0.000000e+00  0.000000e+00  1.000000e+00
   outer loop
     vertex  2.336815e+02  1.244637e+01  5.000000e+02
     vertex  2.346311e+02  1.062226e+01  5.000000e+02
     vertex  2.340147e+02  1.184709e+01  5.000000e+02
   endloop
 endfacet
 facet normal  0.000000e+00  0.000000e+00  1.000000e+00
   outer loop
     vertex  2.329665e+02  1.361639e+01  5.000000e+02
     vertex  2.336815e+02  1.244637e+01  5.000000e+02
     vertex  2.333320e+02  1.303628e+01  5.000000e+02
   endloop
 endfacet
 facet normal  0.000000e+00  0.000000e+00  1.000000e+00
   outer loop
     vertex  2.329665e+02  1.361639e+01  5.000000e+02
     vertex  2.362422e+02  6.108716e+00  5.000000e+02
     vertex  2.346311e+02  1.062226e+01  5.000000e+02
   endloop
 endfacet
 facet normal  0.000000e+00  0.000000e+00  1.000000e+00
   outer loop
     vertex  2.329665e+02  1.361639e+01  5.000000e+02
     vertex  2.346311e+02  1.062226e+01  5.000000e+02
     vertex  2.336815e+02  1.244637e+01  5.000000e+02
   endloop
 endfacet
 facet normal  0.000000e+00  0.000000e+00  1.000000e+00
   outer loop
     vertex  2.317764e+02  1.529356e+01  5.000000e+02
     vertex  2.329665e+02  1.361639e+01  5.000000e+02
     vertex  2.325852e+02  1.418626e+01  5.000000e+02
   endloop
 endfacet
 facet normal  0.000000e+00  0.000000e+00  1.000000e+00
   outer loop
     vertex  2.317764e+02  1.529356e+01  5.000000e+02
     vertex  2.325852e+02  1.418626e+01  5.000000e+02
     vertex  2.321884e+02  1.474545e+01  5.000000e+02
   endloop
 endfacet
 facet normal  0.000000e+00  0.000000e+00  1.000000e+00
   outer loop
     vertex  2.313496e+02  1.583015e+01  5.000000e+02
     vertex  2.329665e+02  1.361639e+01  5.000000e+02
     vertex  2.317764e+02  1.529356e+01  5.000000e+02
   endloop
 endfacet
 facet normal  0.000000e+00  0.000000e+00  1.000000e+00
   outer loop
     vertex  2.309082e+02  1.635485e+01  5.000000e+02
     vertex  2.362422e+02  6.108716e+00  5.000000e+02
     vertex  2.329665e+02  1.361639e+01  5.000000e+02
   endloop
 endfacet
 facet normal  0.000000e+00  0.000000e+00  1.000000e+00
   outer loop
     vertex  2.309082e+02  1.635485e+01  5.000000e+02
     vertex  2.329665e+02  1.361639e+01  5.000000e+02
     vertex  2.313496e+02  1.583015e+01  5.000000e+02
   endloop
 endfacet
 facet normal  0.000000e+00  0.000000e+00  1.000000e+00
   outer loop
     vertex  2.295000e+02  1.785357e+01  5.000000e+02
     vertex  2.295000e+02 -1.785357e+01  5.000000e+02
     vertex  2.362422e+02  6.108716e+00  5.000000e+02
   endloop
 endfacet
 facet normal  0.000000e+00  0.000000e+00  1.000000e+00
   outer loop
     vertex  2.295000e+02  1.785357e+01  5.000000e+02
     vertex  2.309082e+02  1.635485e+01  5.000000e+02
     vertex  2.304525e+02  1.686723e+01  5.000000e+02
   endloop
 endfacet
 facet normal  0.000000e+00  0.000000e+00  1.000000e+00
   outer loop
     vertex  2.295000e+02  1.785357e+01  5.000000e+02
     vertex  2.304525e+02  1.686723e+01  5.000000e+02
     vertex  2.299830e+02  1.736693e+01  5.000000e+02
   endloop
 endfacet
 facet normal  0.000000e+00  0.000000e+00  1.000000e+00
   outer loop
     vertex  2.295000e+02  1.785357e+01  5.000000e+02
     vertex  2.362422e+02  6.108716e+00  5.000000e+02
     vertex  2.309082e+02  1.635485e+01  5.000000e+02
   endloop
 endfacet
 facet normal  1.000000e+00 -0.000000e+00  0.000000e+00
   outer loop
     vertex  2.295000e+02  4.000000e+02  4.940000e+02
     vertex  2.295000e+02  7.500000e+02  4.825000e+02
     vertex  2.295000e+02  7.500000e+02  4.940000e+02
   endloop
 endfacet
 facet normal  1.000000e+00  0.000000e+00  0.000000e+00
   outer loop
     vertex  2.295000e+02  4.000000e+02  5.060000e+02
     vertex  2.295000e+02  7.500000e+02  5.060000e+02
     vertex  2.295000e+02  7.500000e+02  5.175000e+02
   endloop
 endfacet
 facet normal  1.000000e+00 -0.000000e+00  0.000000e+00
   outer loop
     vertex  2.295000e+02  1.785357e+01  5.000000e+02
     vertex  2.295000e+02  4.000000e+02  4.940000e+02
     vertex  2.295000e+02  4.000000e+02  5.060000e+02
   endloop
 endfacet
 facet normal  1.000000e+00  0.000000e+00  0.000000e+00
   outer loop
     vertex  2.295000e+02  1.785357e+01  5.000000e+02
     vertex  2.295000e+02  1.785357e+01  4.825000e+02
     vertex  2.295000e+02  4.000000e+02  4.940000e+02
   endloop
 endfacet
 facet normal  1.000000e+00 -0.000000e+00  0.000000e+00
   outer loop
     vertex  2.295000e+02 -4.000000e+02  4.940000e+02
     vertex  2.295000e+02 -1.785357e+01  4.825000e+02
     vertex  2.295000e+02 -1.785357e+01  5.000000e+02
   endloop
 endfacet
 facet normal  1.000000e+00  0.000000e+00  0.000000e+00
   outer loop
     vertex  2.295000e+02 -4.000000e+02  5.060000e+02
     vertex  2.295000e+02 -4.000000e+02  4.940000e+02
     vertex  2.295000e+02 -1.785357e+01  5.000000e+02
   endloop
 endfacet
 facet normal  1.000000e+00 -0.000000e+00  0.000000e+00
   outer loop
     vertex  2.295000e+02 -7.500000e+02  4.940000e+02
     vertex  2.295000e+02 -7.500000e+02  4.825000e+02
     vertex  2.295000e+02 -4.000000e+02  4.940000e+02
   endloop
 endfacet
 facet normal  1.000000e+00  0.000000e+00  0.000000e+00
   outer loop
     vertex  2.295000e+02 -7.500000e+02  5.175000e+02
     vertex  2.295000e+02 -7.500000e+02  5.060000e+02
     vertex  2.295000e+02 -4.000000e+02  5.060000e+02
   endloop
 endfacet
 facet normal  1.000000e+00  0.000000e+00  0.000000e+00
   outer loop
     vertex  2.295000e+02  7.500000e+02  5.175000e+02
     vertex  2.295000e+02 -7.500000e+02  5.175000e+02
     vertex  2.295000e+02 -4.000000e+02  5.060000e+02
   endloop
 endfacet
 facet normal  1.000000e+00  0.000000e+00  0.000000e+00
   outer loop
     vertex  2.295000e+02  7.500000e+02  5.175000e+02
     vertex  2.295000e+02 -4.000000e+02  5.060000e+02
     vertex  2.295000e+02  4.000000e+02  5.060000e+02
   endloop
 endfacet
 facet normal  1.000000e+00  0.000000e+00  0.000000e+00
   outer loop
     vertex  2.295000e+02  4.000000e+02  5.060000e+02
     vertex  2.295000e+02 -4.000000e+02  5.060000e+02
     vertex  2.295000e+02 -1.785357e+01  5.000000e+02
   endloop
 endfacet
 facet normal  1.000000e+00  0.000000e+00  0.000000e+00
   outer loop
     vertex  2.295000e+02  4.000000e+02  5.060000e+02
     vertex  2.295000e+02 -1.785357e+01  5.000000e+02
     vertex  2.295000e+02  1.785357e+01  5.000000e+02
   endloop
 endfacet
 facet normal  1.000000e+00  0.000000e+00  0.000000e+00
   outer loop
     vertex  2.295000e+02 -7.500000e+02  4.825000e+02
     vertex  2.295000e+02 -1.785357e+01  4.825000e+02
     vertex  2.295000e+02 -4.000000e+02  4.940000e+02
   endloop
 endfacet
 facet normal  1.000000e+00  0.000000e+00  0.000000e+00
   outer loop
     vertex  2.295000e+02  1.785357e+01  4.825000e+02
     vertex  2.295000e+02  7.500000e+02  4.825000e+02
     vertex  2.295000e+02  4.000000e+02  4.940000e+02
   endloop
 endfacet
 facet normal  0.000000e+00  0.000000e+00 -1.000000e+00
   outer loop
     vertex  1.945000e+02  7.500000e+02  4.825000e+02
     vertex  2.116599e+02  2.499769e+01  4.825000e+02
     vertex  2.109800e+02  2.497918e+01  4.825000e+02
   endloop
 endfacet
 facet normal  0.000000e+00  0.000000e+00 -1.000000e+00
   outer loop
     vertex  1.945000e+02  7.500000e+02  4.825000e+02
     vertex  2.109800e+02  2.497918e+01  4.825000e+02
     vertex  2.103009e+02  2.494219e+01  4.825000e+02
   endloop
 endfacet
 facet normal  0.000000e+00  0.000000e+00 -1.000000e+00
   outer loop
     vertex  1.945000e+02  7.500000e+02  4.825000e+02
     vertex  2.103009e+02  2.494219e+01  4.825000e+02
     vertex  2.096230e+02  2.488674e+01  4.825000e+02
   endloop
 endfacet
 facet normal  0.000000e+00  0.000000e+00 -1.000000e+00
   outer loop
     vertex  1.945000e+02  7.500000e+02  4.825000e+02
     vertex  2.096230e+02  2.488674e+01  4.825000e+02
     vertex  2.089469e+02  2.481287e+01  4.825000e+02
   endloop
 endfacet
 facet normal  0.000000e+00  0.000000e+00 -1.000000e+00
   outer loop
     vertex  1.945000e+02  7.500000e+02  4.825000e+02
     vertex  2.089469e+02  2.481287e+01  4.825000e+02
     vertex  2.082730e+02  2.472063e+01  4.825000e+02
   endloop
 endfacet
 facet normal  0.000000e+00  0.000000e+00 -1.000000e+00
   outer loop
     vertex  1.945000e+02  7.500000e+02  4.825000e+02
     vertex  2.082730e+02  2.472063e+01  4.825000e+02
     vertex  2.076019e+02  2.461009e+01  4.825000e+02
   endloop
 endfacet
 facet normal  0.000000e+00  0.000000e+00 -1.000000e+00
   outer loop
     vertex  1.945000e+02  7.500000e+02  4.825000e+02
     vertex  2.076019e+02  2.461009e+01  4.825000e+02
     vertex  2.069340e+02  2.448134e+01  4.825000e+02
   endloop
 endfacet
 facet normal  0.000000e+00  0.000000e+00 -1.000000e+00
   outer loop
     vertex  1.945000e+02  7.500000e+02  4.825000e+02
     vertex  2.069340e+02  2.448134e+01  4.825000e+02
     vertex  2.062699e+02  2.433447e+01  4.825000e+02
   endloop
 endfacet
 facet normal  0.000000e+00  0.000000e+00 -1.000000e+00
   outer loop
     vertex  1.945000e+02  7.500000e+02  4.825000e+02
     vertex  2.062699e+02  2.433447e+01  4.825000e+02
     vertex  2.056101e+02  2.416958e+01  4.825000e+02
   endloop
 endfacet
 facet normal  0.000000e+00  0.000000e+00 -1.000000e+00
   outer loop
     vertex  1.945000e+02  7.500000e+02  4.825000e+02
     vertex  2.056101e+02  2.416958e+01  4.825000e+02
     vertex  2.049549e+02  2.398681e+01  4.825000e+02
   endloop
 endfacet
 facet normal  0.000000e+00  0.000000e+00 -1.000000e+00
   outer loop
     vertex  1.945000e+02  7.500000e+02  4.825000e+02
     vertex  2.049549e+02  2.398681e+01  4.825000e+02
     vertex  2.043050e+02  2.378628e+01  4.825000e+02
   endloop
 endfacet
 facet normal  0.000000e+00  0.000000e+00 -1.000000e+00
   outer loop
     vertex  1.945000e+02  7.500000e+02  4.825000e+02
     vertex  2.043050e+02  2.378628e+01  4.825000e+02
     vertex  2.036608e+02  2.356814e+01  4.825000e+02
   endloop
 endfacet
 facet normal  0.000000e+00  0.000000e+00 -1.000000e+00
   outer loop
     vertex  1.945000e+02  7.500000e+02  4.825000e+02
     vertex  2.036608e+02  2.356814e+01  4.825000e+02
     vertex  2.030227e+02  2.333257e+01  4.825000e+02
   endloop
 endfacet
 facet normal  0.000000e+00  0.000000e+00 -1.000000e+00
   outer loop
     vertex  1.945000e+02  7.500000e+02  4.825000e+02
     vertex  2.030227e+02  2.333257e+01  4.825000e+02
     vertex  2.023913e+02  2.307972e+01  4.825000e+02
   endloop
 endfacet
 facet normal  0.000000e+00  0.000000e+00 -1.000000e+00
   outer loop
     vertex  1.945000e+02  7.500000e+02  4.825000e+02
     vertex  2.023913e+02  2.307972e+01  4.825000e+02
     vertex  2.017670e+02  2.280978e+01  4.825000e+02
   endloop
 endfacet
 facet normal  0.000000e+00  0.000000e+00 -1.000000e+00
   outer loop
     vertex  1.945000e+02  7.500000e+02  4.825000e+02
     vertex  2.017670e+02  2.280978e+01  4.825000e+02
     vertex  2.011503e+02  2.252297e+01  4.825000e+02
   endloop
 endfacet
 facet normal  0.000000e+00  0.000000e+00 -1.000000e+00
   outer loop
     vertex  1.945000e+02  7.500000e+02  4.825000e+02
     vertex  2.011503e+02  2.252297e+01  4.825000e+02
     vertex  2.005416e+02  2.221948e+01  4.825000e+02
   endloop
 endfacet
 facet normal  0.000000e+00  0.000000e+00 -1.000000e+00
   outer loop
     vertex  1.945000e+02  7.500000e+02  4.825000e+02
     vertex  2.005416e+02  2.221948e+01  4.825000e+02
     vertex  1.999414e+02  2.189955e+01  4.825000e+02
   endloop
 endfacet
 facet normal  0.000000e+00  0.000000e+00 -1.000000e+00
   outer loop
     vertex  1.945000e+02  7.500000e+02  4.825000e+02
     vertex  1.999414e+02  2.189955e+01  4.825000e+02
     vertex  1.993501e+02  2.156341e+01  4.825000e+02
   endloop
 endfacet
 facet normal  0.000000e+00  0.000000e+00 -1.000000e+00
   outer loop
     vertex  1.945000e+02  7.500000e+02  4.825000e+02
     vertex  1.993501e+02  2.156341e+01  4.825000e+02
     vertex  1.987682e+02  2.121131e+01  4.825000e+02
   endloop
 endfacet
 facet normal  0.000000e+00  0.000000e+00 -1.000000e+00
   outer loop
     vertex  1.945000e+02  7.500000e+02  4.825000e+02
     vertex  1.987682e+02  2.121131e+01  4.825000e+02
     vertex  1.981961e+02  2.084351e+01  4.825000e+02
   endloop
 endfacet
 facet normal  0.000000e+00  0.000000e+00 -1.000000e+00
   outer loop
     vertex  1.945000e+02  7.500000e+02  4.825000e+02
     vertex  1.981961e+02  2.084351e+01  4.825000e+02
     vertex  1.976342e+02  2.046028e+01  4.825000e+02
   endloop
 endfacet
 facet normal  0.000000e+00  0.000000e+00 -1.000000e+00
   outer loop
     vertex  1.945000e+02  7.500000e+02  4.825000e+02
     vertex  1.976342e+02  2.046028e+01  4.825000e+02
     vertex  1.970829e+02  2.006190e+01  4.825000e+02
   endloop
 endfacet
 facet normal  0.000000e+00  0.000000e+00 -1.000000e+00
   outer loop
     vertex  1.945000e+02  7.500000e+02  4.825000e+02
     vertex  1.970829e+02  2.006190e+01  4.825000e+02
     vertex  1.965427e+02  1.964868e+01  4.825000e+02
   endloop
 endfacet
 facet normal  0.000000e+00  0.000000e+00 -1.000000e+00
   outer loop
     vertex  1.945000e+02  7.500000e+02  4.825000e+02
     vertex  1.965427e+02  1.964868e+01  4.825000e+02
     vertex  1.960139e+02  1.922091e+01  4.825000e+02
   endloop
 endfacet
 facet normal  0.000000e+00  0.000000e+00 -1.000000e+00
   outer loop
     vertex  1.945000e+02  7.500000e+02  4.825000e+02
     vertex  1.960139e+02  1.922091e+01  4.825000e+02
     vertex  1.954969e+02  1.877892e+01  4.825000e+02
   endloop
 endfacet
 facet normal  0.000000e+00  0.000000e+00 -1.000000e+00
   outer loop
     vertex  1.945000e+02  7.500000e+02  4.825000e+02
     vertex  1.954969e+02  1.877892e+01  4.825000e+02
     vertex  1.949922e+02  1.832303e+01  4.825000e+02
   endloop
 endfacet
 facet normal  0.000000e+00  0.000000e+00 -1.000000e+00
   outer loop
     vertex  1.945000e+02  7.500000e+02  4.825000e+02
     vertex  1.949922e+02  1.832303e+01  4.825000e+02
     vertex  1.945000e+02  1.785357e+01  4.825000e+02
   endloop
 endfacet
 facet normal  0.000000e+00 -0.000000e+00 -1.000000e+00
   outer loop
     vertex  2.295000e+02  7.500000e+02  4.825000e+02
     vertex  2.295000e+02  1.785357e+01  4.825000e+02
     vertex  2.290078e+02  1.832303e+01  4.825000e+02
   endloop
 endfacet
 facet normal  0.000000e+00  0.000000e+00 -1.000000e+00
   outer loop
     vertex  2.295000e+02  7.500000e+02  4.825000e+02
     vertex  2.290078e+02  1.832303e+01  4.825000e+02
     vertex  2.285031e+02  1.877892e+01  4.825000e+02
   endloop
 endfacet
 facet normal  0.000000e+00  0.000000e+00 -1.000000e+00
   outer loop
     vertex  2.295000e+02  7.500000e+02  4.825000e+02
     vertex  2.285031e+02  1.877892e+01  4.825000e+02
     vertex  2.279861e+02  1.922091e+01  4.825000e+02
   endloop
 endfacet
 facet normal  0.000000e+00  0.000000e+00 -1.000000e+00
   outer loop
     vertex  2.295000e+02  7.500000e+02  4.825000e+02
     vertex  2.279861e+02  1.922091e+01  4.825000e+02
     vertex  2.274573e+02  1.964868e+01  4.825000e+02
   endloop
 endfacet
 facet normal  0.000000e+00  0.000000e+00 -1.000000e+00
   outer loop
     vertex  2.295000e+02  7.500000e+02  4.825000e+02
     vertex  2.274573e+02  1.964868e+01  4.825000e+02
     vertex  2.269171e+02  2.006190e+01  4.825000e+02
   endloop
 endfacet
 facet normal  0.000000e+00  0.000000e+00 -1.000000e+00
   outer loop
     vertex  2.295000e+02  7.500000e+02  4.825000e+02
     vertex  2.269171e+02  2.006190e+01  4.825000e+02
     vertex  2.263658e+02  2.046028e+01  4.825000e+02
   endloop
 endfacet
 facet normal  0.000000e+00  0.000000e+00 -1.000000e+00
   outer loop
     vertex  2.295000e+02  7.500000e+02  4.825000e+02
     vertex  2.263658e+02  2.046028e+01  4.825000e+02
     vertex  2.258039e+02  2.084351e+01  4.825000e+02
   endloop
 endfacet
 facet normal  0.000000e+00  0.000000e+00 -1.000000e+00
   outer loop
     vertex  2.295000e+02  7.500000e+02  4.825000e+02
     vertex  2.258039e+02  2.084351e+01  4.825000e+02
     vertex  2.252318e+02  2.121131e+01  4.825000e+02
   endloop
 endfacet
 facet normal  0.000000e+00  0.000000e+00 -1.000000e+00
   outer loop
     vertex  2.295000e+02  7.500000e+02  4.825000e+02
     vertex  2.252318e+02  2.121131e+01  4.825000e+02
     vertex  2.246499e+02  2.156341e+01  4.825000e+02
   endloop
 endfacet
 facet normal  0.000000e+00  0.000000e+00 -1.000000e+00
   outer loop
     vertex  2.295000e+02  7.500000e+02  4.825000e+02
     vertex  2.246499e+02  2.156341e+01  4.825000e+02
     vertex  2.240586e+02  2.189955e+01  4.825000e+02
   endloop
 endfacet
 facet normal  0.000000e+00  0.000000e+00 -1.000000e+00
   outer loop
     vertex  2.295000e+02  7.500000e+02  4.825000e+02
     vertex  2.240586e+02  2.189955e+01  4.825000e+02
     vertex  2.234584e+02  2.221948e+01  4.825000e+02
   endloop
 endfacet
 facet normal  0.000000e+00  0.000000e+00 -1.000000e+00
   outer loop
     vertex  2.295000e+02  7.500000e+02  4.825000e+02
     vertex  2.234584e+02  2.221948e+01  4.825000e+02
     vertex  2.228497e+02  2.252297e+01  4.825000e+02
   endloop
 endfacet
 facet normal  0.000000e+00  0.000000e+00 -1.000000e+00
   outer loop
     vertex  2.295000e+02  7.500000e+02  4.825000e+02
     vertex  2.228497e+02  2.252297e+01  4.825000e+02
     vertex  2.222330e+02  2.280978e+01  4.825000e+02
   endloop
 endfacet
 facet normal  0.000000e+00  0.000000e+00 -1.000000e+00
   outer loop
     vertex  2.295000e+02  7.500000e+02  4.825000e+02
     vertex  2.222330e+02  2.280978e+01  4.825000e+02
     vertex  2.216087e+02  2.307972e+01  4.825000e+02
   endloop
 endfacet
 facet normal  0.000000e+00  0.000000e+00 -1.000000e+00
   outer loop
     vertex  2.295000e+02  7.500000e+02  4.825000e+02
     vertex  2.216087e+02  2.307972e+01  4.825000e+02
     vertex  2.209773e+02  2.333257e+01  4.825000e+02
   endloop
 endfacet
 facet normal  0.000000e+00  0.000000e+00 -1.000000e+00
   outer loop
     vertex  2.295000e+02  7.500000e+02  4.825000e+02
     vertex  2.209773e+02  2.333257e+01  4.825000e+02
     vertex  2.203392e+02  2.356814e+01  4.825000e+02
   endloop
 endfacet
 facet normal  0.000000e+00  0.000000e+00 -1.000000e+00
   outer loop
     vertex  2.295000e+02  7.500000e+02  4.825000e+02
     vertex  2.203392e+02  2.356814e+01  4.825000e+02
     vertex  2.196950e+02  2.378628e+01  4.825000e+02
   endloop
 endfacet
 facet normal  0.000000e+00  0.000000e+00 -1.000000e+00
   outer loop
     vertex  2.295000e+02  7.500000e+02  4.825000e+02
     vertex  2.196950e+02  2.378628e+01  4.825000e+02
     vertex  2.190451e+02  2.398681e+01  4.825000e+02
   endloop
 endfacet
 facet normal  0.000000e+00  0.000000e+00 -1.000000e+00
   outer loop
     vertex  2.295000e+02  7.500000e+02  4.825000e+02
     vertex  2.190451e+02  2.398681e+01  4.825000e+02
     vertex  2.183899e+02  2.416958e+01  4.825000e+02
   endloop
 endfacet
 facet normal  0.000000e+00  0.000000e+00 -1.000000e+00
   outer loop
     vertex  2.295000e+02  7.500000e+02  4.825000e+02
     vertex  2.183899e+02  2.416958e+01  4.825000e+02
     vertex  2.177301e+02  2.433447e+01  4.825000e+02
   endloop
 endfacet
 facet normal  0.000000e+00  0.000000e+00 -1.000000e+00
   outer loop
     vertex  2.295000e+02  7.500000e+02  4.825000e+02
     vertex  2.177301e+02  2.433447e+01  4.825000e+02
     vertex  2.170660e+02  2.448134e+01  4.825000e+02
   endloop
 endfacet
 facet normal  0.000000e+00  0.000000e+00 -1.000000e+00
   outer loop
     vertex  2.295000e+02  7.500000e+02  4.825000e+02
     vertex  2.170660e+02  2.448134e+01  4.825000e+02
     vertex  2.163981e+02  2.461009e+01  4.825000e+02
   endloop
 endfacet
 facet normal  0.000000e+00  0.000000e+00 -1.000000e+00
   outer loop
     vertex  2.295000e+02  7.500000e+02  4.825000e+02
     vertex  2.163981e+02  2.461009e+01  4.825000e+02
     vertex  2.157270e+02  2.472063e+01  4.825000e+02
   endloop
 endfacet
 facet normal  0.000000e+00  0.000000e+00 -1.000000e+00
   outer loop
     vertex  2.295000e+02  7.500000e+02  4.825000e+02
     vertex  2.157270e+02  2.472063e+01  4.825000e+02
     vertex  2.150531e+02  2.481287e+01  4.825000e+02
   endloop
 endfacet
 facet normal  0.000000e+00  0.000000e+00 -1.000000e+00
   outer loop
     vertex  2.295000e+02  7.500000e+02  4.825000e+02
     vertex  2.150531e+02  2.481287e+01  4.825000e+02
     vertex  2.143770e+02  2.488674e+01  4.825000e+02
   endloop
 endfacet
 facet normal  0.000000e+00  0.000000e+00 -1.000000e+00
   outer loop
     vertex  2.295000e+02  7.500000e+02  4.825000e+02
     vertex  2.143770e+02  2.488674e+01  4.825000e+02
     vertex  2.136991e+02  2.494219e+01  4.825000e+02
   endloop
 endfacet
 facet normal -0.000000e+00  0.000000e+00 -1.000000e+00
   outer loop
     vertex  2.295000e+02  7.500000e+02  4.825000e+02
     vertex  2.116599e+02  2.499769e+01  4.825000e+02
     vertex  1.945000e+02  7.500000e+02  4.825000e+02
   endloop
 endfacet
 facet normal  0.000000e+00  0.000000e+00 -1.000000e+00
   outer loop
     vertex  2.295000e+02  7.500000e+02  4.825000e+02
     vertex  2.136991e+02  2.494219e+01  4.825000e+02
     vertex  2.130200e+02  2.497918e+01  4.825000e+02
   endloop
 endfacet
 facet normal  0.000000e+00  0.000000e+00 -1.000000e+00
   outer loop
     vertex  2.295000e+02  7.500000e+02  4.825000e+02
     vertex  2.130200e+02  2.497918e+01  4.825000e+02
     vertex  2.123401e+02  2.499769e+01  4.825000e+02
   endloop
 endfacet
 facet normal  0.000000e+00  0.000000e+00 -1.000000e+00
   outer loop
     vertex  2.295000e+02  7.500000e+02  4.825000e+02
     vertex  2.123401e+02  2.499769e+01  4.825000e+02
     vertex  2.116599e+02  2.499769e+01  4.825000e+02
   endloop
 endfacet
 facet normal -1.000000e+00  0.000000e+00  0.000000e+00
   outer loop
     vertex  1.945000e+02  4.000000e+02  4.940000e+02
     vertex  1.945000e+02  7.500000e+02  4.940000e+02
     vertex  1.945000e+02  7.500000e+02  4.825000e+02
   endloop
 endfacet
 facet normal -1.000000e+00  0.000000e+00  0.000000e+00
   outer loop
     vertex  1.945000e+02  4.000000e+02  5.060000e+02
     vertex  1.945000e+02  7.500000e+02  5.175000e+02
     vertex  1.945000e+02  7.500000e+02  5.060000e+02
   endloop
 endfacet
 facet normal -1.000000e+00  0.000000e+00  0.000000e+00
   outer loop
     vertex  1.945000e+02  1.785357e+01  5.000000e+02
     vertex  1.945000e+02  4.000000e+02  5.060000e+02
     vertex  1.945000e+02  4.000000e+02  4.940000e+02
   endloop
 endfacet
 facet normal -1.000000e+00  0.000000e+00 -0.000000e+00
   outer loop
     vertex  1.945000e+02  1.785357e+01  5.000000e+02
     vertex  1.945000e+02  4.000000e+02  4.940000e+02
     vertex  1.945000e+02  1.785357e+01  4.825000e+02
   endloop
 endfacet
 facet normal -1.000000e+00  0.000000e+00  0.000000e+00
   outer loop
     vertex  1.945000e+02 -4.000000e+02  4.940000e+02
     vertex  1.945000e+02 -1.785357e+01  5.000000e+02
     vertex  1.945000e+02 -1.785357e+01  4.825000e+02
   endloop
 endfacet
 facet normal -1.000000e+00  0.000000e+00  0.000000e+00
   outer loop
     vertex  1.945000e+02 -4.000000e+02  5.060000e+02
     vertex  1.945000e+02 -1.785357e+01  5.000000e+02
     vertex  1.945000e+02 -4.000000e+02  4.940000e+02
   endloop
 endfacet
 facet normal -1.000000e+00  0.000000e+00  0.000000e+00
   outer loop
     vertex  1.945000e+02 -7.500000e+02  4.940000e+02
     vertex  1.945000e+02 -4.000000e+02  4.940000e+02
     vertex  1.945000e+02 -7.500000e+02  4.825000e+02
   endloop
 endfacet
 facet normal -1.000000e+00  0.000000e+00  0.000000e+00
   outer loop
     vertex  1.945000e+02 -7.500000e+02  5.175000e+02
     vertex  1.945000e+02 -4.000000e+02  5.060000e+02
     vertex  1.945000e+02 -7.500000e+02  5.060000e+02
   endloop
 endfacet
 facet normal -1.000000e+00 -0.000000e+00  0.000000e+00
   outer loop
     vertex  1.945000e+02  7.500000e+02  5.175000e+02
     vertex  1.945000e+02 -4.000000e+02  5.060000e+02
     vertex  1.945000e+02 -7.500000e+02  5.175000e+02
   endloop
 endfacet
 facet normal -1.000000e+00  0.000000e+00  0.000000e+00
   outer loop
     vertex  1.945000e+02  7.500000e+02  5.175000e+02
     vertex  1.945000e+02  4.000000e+02  5.060000e+02
     vertex  1.945000e+02 -4.000000e+02  5.060000e+02
   endloop
 endfacet
 facet normal -1.000000e+00 -0.000000e+00  0.000000e+00
   outer loop
     vertex  1.945000e+02  4.000000e+02  5.060000e+02
     vertex  1.945000e+02 -1.785357e+01  5.000000e+02
     vertex  1.945000e+02 -4.000000e+02  5.060000e+02
   endloop
 endfacet
 facet normal -1.000000e+00  0.000000e+00  0.000000e+00
   outer loop
     vertex  1.945000e+02  4.000000e+02  5.060000e+02
     vertex  1.945000e+02  1.785357e+01  5.000000e+02
     vertex  1.945000e+02 -1.785357e+01  5.000000e+02
   endloop
 endfacet
 facet normal -1.000000e+00  0.000000e+00  0.000000e+00
   outer loop
     vertex  1.945000e+02 -7.500000e+02  4.825000e+02
     vertex  1.945000e+02 -4.000000e+02  4.940000e+02
     vertex  1.945000e+02 -1.785357e+01  4.825000e+02
   endloop
 endfacet
 facet normal -1.000000e+00  0.000000e+00  0.000000e+00
   outer loop
     vertex  1.945000e+02  1.785357e+01  4.825000e+02
     vertex  1.945000e+02  4.000000e+02  4.940000e+02
     vertex  1.945000e+02  7.500000e+02  4.825000e+02
   endloop
 endfacet
 facet normal  0.000000e+00  0.000000e+00  1.000000e+00
   outer loop
     vertex  1.930918e+02 -1.635485e+01  5.000000e+02
     vertex  1.935475e+02 -1.686723e+01  5.000000e+02
     vertex  1.940170e+02 -1.736693e+01  5.000000e+02
   endloop
 endfacet
 facet normal  0.000000e+00  0.000000e+00  1.000000e+00
   outer loop
     vertex  1.930918e+02 -1.635485e+01  5.000000e+02
     vertex  1.940170e+02 -1.736693e+01  5.000000e+02
     vertex  1.945000e+02 -1.785357e+01  5.000000e+02
   endloop
 endfacet
 facet normal  0.000000e+00  0.000000e+00  1.000000e+00
   outer loop
     vertex  1.918116e+02 -1.474545e+01  5.000000e+02
     vertex  1.922236e+02 -1.529356e+01  5.000000e+02
     vertex  1.926504e+02 -1.583015e+01  5.000000e+02
   endloop
 endfacet
 facet normal  0.000000e+00  0.000000e+00  1.000000e+00
   outer loop
     vertex  1.918116e+02 -1.474545e+01  5.000000e+02
     vertex  1.926504e+02 -1.583015e+01  5.000000e+02
     vertex  1.930918e+02 -1.635485e+01  5.000000e+02
   endloop
 endfacet
 facet normal  0.000000e+00  0.000000e+00  1.000000e+00
   outer loop
     vertex  1.918116e+02 -1.474545e+01  5.000000e+02
     vertex  1.930918e+02 -1.635485e+01  5.000000e+02
     vertex  1.945000e+02 -1.785357e+01  5.000000e+02
   endloop
 endfacet
 facet normal  0.000000e+00  0.000000e+00  1.000000e+00
   outer loop
     vertex  1.910335e+02 -1.361639e+01  5.000000e+02
     vertex  1.914148e+02 -1.418626e+01  5.000000e+02
     vertex  1.918116e+02 -1.474545e+01  5.000000e+02
   endloop
 endfacet
 facet normal  0.000000e+00  0.000000e+00  1.000000e+00
   outer loop
     vertex  1.899853e+02 -1.184709e+01  5.000000e+02
     vertex  1.903185e+02 -1.244637e+01  5.000000e+02
     vertex  1.906680e+02 -1.303628e+01  5.000000e+02
   endloop
 endfacet
 facet normal  0.000000e+00  0.000000e+00  1.000000e+00
   outer loop
     vertex  1.899853e+02 -1.184709e+01  5.000000e+02
     vertex  1.906680e+02 -1.303628e+01  5.000000e+02
     vertex  1.910335e+02 -1.361639e+01  5.000000e+02
   endloop
 endfacet
 facet normal  0.000000e+00  0.000000e+00  1.000000e+00
   outer loop
     vertex  1.899853e+02 -1.184709e+01  5.000000e+02
     vertex  1.910335e+02 -1.361639e+01  5.000000e+02
     vertex  1.918116e+02 -1.474545e+01  5.000000e+02
   endloop
 endfacet
 facet normal  0.000000e+00  0.000000e+00  1.000000e+00
   outer loop
     vertex  1.888205e+02 -9.365471e+00  5.000000e+02
     vertex  1.890861e+02 -9.997625e+00  5.000000e+02
     vertex  1.893689e+02 -1.062226e+01  5.000000e+02
   endloop
 endfacet
 facet normal  0.000000e+00  0.000000e+00  1.000000e+00
   outer loop
     vertex  1.888205e+02 -9.365471e+00  5.000000e+02
     vertex  1.893689e+02 -1.062226e+01  5.000000e+02
     vertex  1.896687e+02 -1.123890e+01  5.000000e+02
   endloop
 endfacet
 facet normal  0.000000e+00  0.000000e+00  1.000000e+00
   outer loop
     vertex  1.888205e+02 -9.365471e+00  5.000000e+02
     vertex  1.896687e+02 -1.123890e+01  5.000000e+02
     vertex  1.899853e+02 -1.184709e+01  5.000000e+02
   endloop
 endfacet
 facet normal  0.000000e+00  0.000000e+00  1.000000e+00
   outer loop
     vertex  1.888205e+02 -9.365471e+00  5.000000e+02
     vertex  1.918116e+02 -1.474545e+01  5.000000e+02
     vertex  1.945000e+02 -1.785357e+01  5.000000e+02
   endloop
 endfacet
 facet normal  0.000000e+00  0.000000e+00  1.000000e+00
   outer loop
     vertex  1.888205e+02 -9.365471e+00  5.000000e+02
     vertex  1.899853e+02 -1.184709e+01  5.000000e+02
     vertex  1.918116e+02 -1.474545e+01  5.000000e+02
   endloop
 endfacet
 facet normal  0.000000e+00  0.000000e+00  1.000000e+00
   outer loop
     vertex  1.883419e+02 -8.080509e+00  5.000000e+02
     vertex  1.885724e+02 -8.726272e+00  5.000000e+02
     vertex  1.888205e+02 -9.365471e+00  5.000000e+02
   endloop
 endfacet
 facet normal  0.000000e+00  0.000000e+00  1.000000e+00
   outer loop
     vertex  1.879345e+02 -6.771239e+00  5.000000e+02
     vertex  1.881292e+02 -7.428668e+00  5.000000e+02
     vertex  1.883419e+02 -8.080509e+00  5.000000e+02
   endloop
 endfacet
 facet normal  0.000000e+00  0.000000e+00  1.000000e+00
   outer loop
     vertex  1.873378e+02 -4.095587e+00  5.000000e+02
     vertex  1.874594e+02 -4.770387e+00  5.000000e+02
     vertex  1.875994e+02 -5.441598e+00  5.000000e+02
   endloop
 endfacet
 facet normal  0.000000e+00  0.000000e+00  1.000000e+00
   outer loop
     vertex  1.872347e+02 -3.417707e+00  5.000000e+02
     vertex  1.873378e+02 -4.095587e+00  5.000000e+02
     vertex  1.875994e+02 -5.441598e+00  5.000000e+02
   endloop
 endfacet
 facet normal  0.000000e+00  0.000000e+00  1.000000e+00
   outer loop
     vertex  1.872347e+02 -3.417707e+00  5.000000e+02
     vertex  1.875994e+02 -5.441598e+00  5.000000e+02
     vertex  1.877578e+02 -6.108716e+00  5.000000e+02
   endloop
 endfacet
 facet normal  0.000000e+00  0.000000e+00  1.000000e+00
   outer loop
     vertex  1.872347e+02 -3.417707e+00  5.000000e+02
     vertex  1.877578e+02 -6.108716e+00  5.000000e+02
     vertex  1.879345e+02 -6.771239e+00  5.000000e+02
   endloop
 endfacet
 facet normal  0.000000e+00  0.000000e+00  1.000000e+00
   outer loop
     vertex  1.872347e+02 -3.417707e+00  5.000000e+02
     vertex  1.879345e+02 -6.771239e+00  5.000000e+02
     vertex  1.883419e+02 -8.080509e+00  5.000000e+02
   endloop
 endfacet
 facet normal  0.000000e+00  0.000000e+00  1.000000e+00
   outer loop
     vertex  1.870846e+02 -2.054746e+00  5.000000e+02
     vertex  1.872347e+02 -3.417707e+00  5.000000e+02
     vertex  1.883419e+02 -8.080509e+00  5.000000e+02
   endloop
 endfacet
 facet normal  0.000000e+00  0.000000e+00  1.000000e+00
   outer loop
     vertex  1.870846e+02 -2.054746e+00  5.000000e+02
     vertex  1.871503e+02 -2.737256e+00  5.000000e+02
     vertex  1.872347e+02 -3.417707e+00  5.000000e+02
   endloop
 endfacet
 facet normal  0.000000e+00  0.000000e+00  1.000000e+00
   outer loop
     vertex  1.870846e+02 -2.054746e+00  5.000000e+02
     vertex  1.883419e+02 -8.080509e+00  5.000000e+02
     vertex  1.888205e+02 -9.365471e+00  5.000000e+02
   endloop
 endfacet
 facet normal  0.000000e+00  0.000000e+00  1.000000e+00
   outer loop
     vertex  1.870094e+02  6.856027e-01  5.000000e+02
     vertex  1.870000e+02 -1.914284e-14  5.000000e+02
     vertex  1.870094e+02 -6.856027e-01  5.000000e+02
   endloop
 endfacet
 facet normal  0.000000e+00  0.000000e+00  1.000000e+00
   outer loop
     vertex  1.870094e+02  6.856027e-01  5.000000e+02
     vertex  1.870094e+02 -6.856027e-01  5.000000e+02
     vertex  1.870376e+02 -1.370690e+00  5.000000e+02
   endloop
 endfacet
 facet normal  0.000000e+00  0.000000e+00  1.000000e+00
   outer loop
     vertex  1.873378e+02  4.095587e+00  5.000000e+02
     vertex  1.872347e+02  3.417707e+00  5.000000e+02
     vertex  1.871503e+02  2.737256e+00  5.000000e+02
   endloop
 endfacet
 facet normal  0.000000e+00  0.000000e+00  1.000000e+00
   outer loop
     vertex  1.873378e+02  4.095587e+00  5.000000e+02
     vertex  1.871503e+02  2.737256e+00  5.000000e+02
     vertex  1.870846e+02  2.054746e+00  5.000000e+02
   endloop
 endfacet
 facet normal  0.000000e+00  0.000000e+00  1.000000e+00
   outer loop
     vertex  1.874594e+02  4.770387e+00  5.000000e+02
     vertex  1.873378e+02  4.095587e+00  5.000000e+02
     vertex  1.870846e+02  2.054746e+00  5.000000e+02
   endloop
 endfacet
 facet normal  0.000000e+00  0.000000e+00  1.000000e+00
   outer loop
     vertex  1.874594e+02  4.770387e+00  5.000000e+02
     vertex  1.870846e+02  2.054746e+00  5.000000e+02
     vertex  1.870376e+02  1.370690e+00  5.000000e+02
   endloop
 endfacet
 facet normal  0.000000e+00  0.000000e+00  1.000000e+00
   outer loop
     vertex  1.875994e+02  5.441598e+00  5.000000e+02
     vertex  1.874594e+02  4.770387e+00  5.000000e+02
     vertex  1.870376e+02  1.370690e+00  5.000000e+02
   endloop
 endfacet
 facet normal  0.000000e+00  0.000000e+00  1.000000e+00
   outer loop
     vertex  1.877578e+02  6.108716e+00  5.000000e+02
     vertex  1.870094e+02  6.856027e-01  5.000000e+02
     vertex  1.870376e+02 -1.370690e+00  5.000000e+02
   endloop
 endfacet
 facet normal  0.000000e+00  0.000000e+00  1.000000e+00
   outer loop
     vertex  1.877578e+02  6.108716e+00  5.000000e+02
     vertex  1.875994e+02  5.441598e+00  5.000000e+02
     vertex  1.870376e+02  1.370690e+00  5.000000e+02
   endloop
 endfacet
 facet normal  0.000000e+00  0.000000e+00  1.000000e+00
   outer loop
     vertex  1.877578e+02  6.108716e+00  5.000000e+02
     vertex  1.870376e+02  1.370690e+00  5.000000e+02
     vertex  1.870094e+02  6.856027e-01  5.000000e+02
   endloop
 endfacet
 facet normal  0.000000e+00  0.000000e+00  1.000000e+00
   outer loop
     vertex  1.881292e+02  7.428668e+00  5.000000e+02
     vertex  1.879345e+02  6.771239e+00  5.000000e+02
     vertex  1.877578e+02  6.108716e+00  5.000000e+02
   endloop
 endfacet
 facet normal  0.000000e+00  0.000000e+00  1.000000e+00
   outer loop
     vertex  1.885724e+02  8.726272e+00  5.000000e+02
     vertex  1.883419e+02  8.080509e+00  5.000000e+02
     vertex  1.881292e+02  7.428668e+00  5.000000e+02
   endloop
 endfacet
 facet normal  0.000000e+00  0.000000e+00  1.000000e+00
   outer loop
     vertex  1.888205e+02  9.365471e+00  5.000000e+02
     vertex  1.881292e+02  7.428668e+00  5.000000e+02
     vertex  1.877578e+02  6.108716e+00  5.000000e+02
   endloop
 endfacet
 facet normal  0.000000e+00  0.000000e+00  1.000000e+00
   outer loop
     vertex  1.888205e+02  9.365471e+00  5.000000e+02
     vertex  1.885724e+02  8.726272e+00  5.000000e+02
     vertex  1.881292e+02  7.428668e+00  5.000000e+02
   endloop
 endfacet
 facet normal  0.000000e+00  0.000000e+00  1.000000e+00
   outer loop
     vertex  1.896687e+02  1.123890e+01  5.000000e+02
     vertex  1.893689e+02  1.062226e+01  5.000000e+02
     vertex  1.890861e+02  9.997625e+00  5.000000e+02
   endloop
 endfacet
 facet normal  0.000000e+00  0.000000e+00  1.000000e+00
   outer loop
     vertex  1.899853e+02  1.184709e+01  5.000000e+02
     vertex  1.896687e+02  1.123890e+01  5.000000e+02
     vertex  1.890861e+02  9.997625e+00  5.000000e+02
   endloop
 endfacet
 facet normal  0.000000e+00  0.000000e+00  1.000000e+00
   outer loop
     vertex  1.906680e+02  1.303628e+01  5.000000e+02
     vertex  1.903185e+02  1.244637e+01  5.000000e+02
     vertex  1.899853e+02  1.184709e+01  5.000000e+02
   endloop
 endfacet
 facet normal  0.000000e+00  0.000000e+00  1.000000e+00
   outer loop
     vertex  1.910335e+02  1.361639e+01  5.000000e+02
     vertex  1.906680e+02  1.303628e+01  5.000000e+02
     vertex  1.899853e+02  1.184709e+01  5.000000e+02
   endloop
 endfacet
 facet normal  0.000000e+00  0.000000e+00  1.000000e+00
   outer loop
     vertex  1.914148e+02  1.418626e+01  5.000000e+02
     vertex  1.910335e+02  1.361639e+01  5.000000e+02
     vertex  1.899853e+02  1.184709e+01  5.000000e+02
   endloop
 endfacet
 facet normal  0.000000e+00  0.000000e+00  1.000000e+00
   outer loop
     vertex  1.922236e+02  1.529356e+01  5.000000e+02
     vertex  1.918116e+02  1.474545e+01  5.000000e+02
     vertex  1.914148e+02  1.418626e+01  5.000000e+02
   endloop
 endfacet
 facet normal  0.000000e+00  0.000000e+00  1.000000e+00
   outer loop
     vertex  1.922236e+02  1.529356e+01  5.000000e+02
     vertex  1.914148e+02  1.418626e+01  5.000000e+02
     vertex  1.899853e+02  1.184709e+01  5.000000e+02
   endloop
 endfacet
 facet normal  0.000000e+00  0.000000e+00  1.000000e+00
   outer loop
     vertex  1.930918e+02  1.635485e+01  5.000000e+02
     vertex  1.926504e+02  1.583015e+01  5.000000e+02
     vertex  1.922236e+02  1.529356e+01  5.000000e+02
   endloop
 endfacet
 facet normal  0.000000e+00  0.000000e+00  1.000000e+00
   outer loop
     vertex  1.935475e+02  1.686723e+01  5.000000e+02
     vertex  1.930918e+02  1.635485e+01  5.000000e+02
     vertex  1.922236e+02  1.529356e+01  5.000000e+02
   endloop
 endfacet
 facet normal  0.000000e+00  0.000000e+00  1.000000e+00
   outer loop
     vertex  1.940170e+02  1.736693e+01  5.000000e+02
     vertex  1.890861e+02  9.997625e+00  5.000000e+02
     vertex  1.888205e+02  9.365471e+00  5.000000e+02
   endloop
 endfacet
 facet normal  0.000000e+00  0.000000e+00  1.000000e+00
   outer loop
     vertex  1.940170e+02  1.736693e+01  5.000000e+02
     vertex  1.870846e+02 -2.054746e+00  5.000000e+02
     vertex  1.888205e+02 -9.365471e+00  5.000000e+02
   endloop
 endfacet
 facet normal  0.000000e+00  0.000000e+00  1.000000e+00
   outer loop
     vertex  1.940170e+02  1.736693e+01  5.000000e+02
     vertex  1.870376e+02 -1.370690e+00  5.000000e+02
     vertex  1.870846e+02 -2.054746e+00  5.000000e+02
   endloop
 endfacet
 facet normal  0.000000e+00  0.000000e+00  1.000000e+00
   outer loop
     vertex  1.940170e+02  1.736693e+01  5.000000e+02
     vertex  1.877578e+02  6.108716e+00  5.000000e+02
     vertex  1.870376e+02 -1.370690e+00  5.000000e+02
   endloop
 endfacet
 facet normal  0.000000e+00  0.000000e+00  1.000000e+00
   outer loop
     vertex  1.940170e+02  1.736693e+01  5.000000e+02
     vertex  1.888205e+02  9.365471e+00  5.000000e+02
     vertex  1.877578e+02  6.108716e+00  5.000000e+02
   endloop
 endfacet
 facet normal  0.000000e+00  0.000000e+00  1.000000e+00
   outer loop
     vertex  1.940170e+02  1.736693e+01  5.000000e+02
     vertex  1.899853e+02  1.184709e+01  5.000000e+02
     vertex  1.890861e+02  9.997625e+00  5.000000e+02
   endloop
 endfacet
 facet normal  0.000000e+00  0.000000e+00  1.000000e+00
   outer loop
     vertex  1.940170e+02  1.736693e+01  5.000000e+02
     vertex  1.922236e+02  1.529356e+01  5.000000e+02
     vertex  1.899853e+02  1.184709e+01  5.000000e+02
   endloop
 endfacet
 facet normal  0.000000e+00  0.000000e+00  1.000000e+00
   outer loop
     vertex  1.940170e+02  1.736693e+01  5.000000e+02
     vertex  1.935475e+02  1.686723e+01  5.000000e+02
     vertex  1.922236e+02  1.529356e+01  5.000000e+02
   endloop
 endfacet
 facet normal  0.000000e+00  0.000000e+00  1.000000e+00
   outer loop
     vertex  1.945000e+02  1.785357e+01  5.000000e+02
     vertex  1.940170e+02  1.736693e+01  5.000000e+02
     vertex  1.888205e+02 -9.365471e+00  5.000000e+02
   endloop
 endfacet
 facet normal  0.000000e+00  0.000000e+00  1.000000e+00
   outer loop
     vertex  1.945000e+02  1.785357e+01  5.000000e+02
     vertex  1.888205e+02 -9.365471e+00  5.000000e+02
     vertex  1.945000e+02 -1.785357e+01  5.000000e+02
   endloop
 endfacet
 facet normal -0.000000e+00  0.000000e+00 -1.000000e+00
   outer loop
     vertex  1.949922e+02 -1.832303e+01  4.825000e+02
     vertex  1.945000e+02 -7.500000e+02  4.825000e+02
     vertex  1.945000e+02 -1.785357e+01  4.825000e+02
   endloop
 endfacet
 facet normal -0.000000e+00  0.000000e+00 -1.000000e+00
   outer loop
     vertex  1.954969e+02 -1.877892e+01  4.825000e+02
     vertex  1.945000e+02 -7.500000e+02  4.825000e+02
     vertex  1.949922e+02 -1.832303e+01  4.825000e+02
   endloop
 endfacet
 facet normal -0.000000e+00  0.000000e+00 -1.000000e+00
   outer loop
     vertex  1.960139e+02 -1.922091e+01  4.825000e+02
     vertex  1.945000e+02 -7.500000e+02  4.825000e+02
     vertex  1.954969e+02 -1.877892e+01  4.825000e+02
   endloop
 endfacet
 facet normal -0.000000e+00  0.000000e+00 -1.000000e+00
   outer loop
     vertex  1.965427e+02 -1.964868e+01  4.825000e+02
     vertex  1.945000e+02 -7.500000e+02  4.825000e+02
     vertex  1.960139e+02 -1.922091e+01  4.825000e+02
   endloop
 endfacet
 facet normal -0.000000e+00  0.000000e+00 -1.000000e+00
   outer loop
     vertex  1.970829e+02 -2.006190e+01  4.825000e+02
     vertex  1.945000e+02 -7.500000e+02  4.825000e+02
     vertex  1.965427e+02 -1.964868e+01  4.825000e+02
   endloop
 endfacet
 facet normal -0.000000e+00  0.000000e+00 -1.000000e+00
   outer loop
     vertex  1.976342e+02 -2.046028e+01  4.825000e+02
     vertex  1.945000e+02 -7.500000e+02  4.825000e+02
     vertex  1.970829e+02 -2.006190e+01  4.825000e+02
   endloop
 endfacet
 facet normal -0.000000e+00  0.000000e+00 -1.000000e+00
   outer loop
     vertex  1.981961e+02 -2.084351e+01  4.825000e+02
     vertex  1.945000e+02 -7.500000e+02  4.825000e+02
     vertex  1.976342e+02 -2.046028e+01  4.825000e+02
   endloop
 endfacet
 facet normal -0.000000e+00  0.000000e+00 -1.000000e+00
   outer loop
     vertex  1.987682e+02 -2.121131e+01  4.825000e+02
     vertex  1.945000e+02 -7.500000e+02  4.825000e+02
     vertex  1.981961e+02 -2.084351e+01  4.825000e+02
   endloop
 endfacet
 facet normal -0.000000e+00  0.000000e+00 -1.000000e+00
   outer loop
     vertex  1.993501e+02 -2.156341e+01  4.825000e+02
     vertex  1.945000e+02 -7.500000e+02  4.825000e+02
     vertex  1.987682e+02 -2.121131e+01  4.825000e+02
   endloop
 endfacet
 facet normal -0.000000e+00  0.000000e+00 -1.000000e+00
   outer loop
     vertex  1.999414e+02 -2.189955e+01  4.825000e+02
     vertex  1.945000e+02 -7.500000e+02  4.825000e+02
     vertex  1.993501e+02 -2.156341e+01  4.825000e+02
   endloop
 endfacet
 facet normal -0.000000e+00  0.000000e+00 -1.000000e+00
   outer loop
     vertex  2.005416e+02 -2.221948e+01  4.825000e+02
     vertex  1.945000e+02 -7.500000e+02  4.825000e+02
     vertex  1.999414e+02 -2.189955e+01  4.825000e+02
   endloop
 endfacet
 facet normal -0.000000e+00  0.000000e+00 -1.000000e+00
   outer loop
     vertex  2.011503e+02 -2.252297e+01  4.825000e+02
     vertex  1.945000e+02 -7.500000e+02  4.825000e+02
     vertex  2.005416e+02 -2.221948e+01  4.825000e+02
   endloop
 endfacet
 facet normal -0.000000e+00  0.000000e+00 -1.000000e+00
   outer loop
     vertex  2.017670e+02 -2.280978e+01  4.825000e+02
     vertex  1.945000e+02 -7.500000e+02  4.825000e+02
     vertex  2.011503e+02 -2.252297e+01  4.825000e+02
   endloop
 endfacet
 facet normal -0.000000e+00  0.000000e+00 -1.000000e+00
   outer loop
     vertex  2.023913e+02 -2.307972e+01  4.825000e+02
     vertex  1.945000e+02 -7.500000e+02  4.825000e+02
     vertex  2.017670e+02 -2.280978e+01  4.825000e+02
   endloop
 endfacet
 facet normal -0.000000e+00  0.000000e+00 -1.000000e+00
   outer loop
     vertex  2.030227e+02 -2.333257e+01  4.825000e+02
     vertex  1.945000e+02 -7.500000e+02  4.825000e+02
     vertex  2.023913e+02 -2.307972e+01  4.825000e+02
   endloop
 endfacet
 facet normal -0.000000e+00  0.000000e+00 -1.000000e+00
   outer loop
     vertex  2.036608e+02 -2.356814e+01  4.825000e+02
     vertex  1.945000e+02 -7.500000e+02  4.825000e+02
     vertex  2.030227e+02 -2.333257e+01  4.825000e+02
   endloop
 endfacet
 facet normal -0.000000e+00  0.000000e+00 -1.000000e+00
   outer loop
     vertex  2.043050e+02 -2.378628e+01  4.825000e+02
     vertex  1.945000e+02 -7.500000e+02  4.825000e+02
     vertex  2.036608e+02 -2.356814e+01  4.825000e+02
   endloop
 endfacet
 facet normal -0.000000e+00  0.000000e+00 -1.000000e+00
   outer loop
     vertex  2.049549e+02 -2.398681e+01  4.825000e+02
     vertex  1.945000e+02 -7.500000e+02  4.825000e+02
     vertex  2.043050e+02 -2.378628e+01  4.825000e+02
   endloop
 endfacet
 facet normal -0.000000e+00  0.000000e+00 -1.000000e+00
   outer loop
     vertex  2.056101e+02 -2.416958e+01  4.825000e+02
     vertex  1.945000e+02 -7.500000e+02  4.825000e+02
     vertex  2.049549e+02 -2.398681e+01  4.825000e+02
   endloop
 endfacet
 facet normal -0.000000e+00  0.000000e+00 -1.000000e+00
   outer loop
     vertex  2.062699e+02 -2.433447e+01  4.825000e+02
     vertex  1.945000e+02 -7.500000e+02  4.825000e+02
     vertex  2.056101e+02 -2.416958e+01  4.825000e+02
   endloop
 endfacet
 facet normal -0.000000e+00  0.000000e+00 -1.000000e+00
   outer loop
     vertex  2.069340e+02 -2.448134e+01  4.825000e+02
     vertex  1.945000e+02 -7.500000e+02  4.825000e+02
     vertex  2.062699e+02 -2.433447e+01  4.825000e+02
   endloop
 endfacet
 facet normal -0.000000e+00  0.000000e+00 -1.000000e+00
   outer loop
     vertex  2.076019e+02 -2.461009e+01  4.825000e+02
     vertex  1.945000e+02 -7.500000e+02  4.825000e+02
     vertex  2.069340e+02 -2.448134e+01  4.825000e+02
   endloop
 endfacet
 facet normal -0.000000e+00  0.000000e+00 -1.000000e+00
   outer loop
     vertex  2.082730e+02 -2.472063e+01  4.825000e+02
     vertex  1.945000e+02 -7.500000e+02  4.825000e+02
     vertex  2.076019e+02 -2.461009e+01  4.825000e+02
   endloop
 endfacet
 facet normal -0.000000e+00  0.000000e+00 -1.000000e+00
   outer loop
     vertex  2.089469e+02 -2.481287e+01  4.825000e+02
     vertex  1.945000e+02 -7.500000e+02  4.825000e+02
     vertex  2.082730e+02 -2.472063e+01  4.825000e+02
   endloop
 endfacet
 facet normal -0.000000e+00  0.000000e+00 -1.000000e+00
   outer loop
     vertex  2.096230e+02 -2.488674e+01  4.825000e+02
     vertex  1.945000e+02 -7.500000e+02  4.825000e+02
     vertex  2.089469e+02 -2.481287e+01  4.825000e+02
   endloop
 endfacet
 facet normal -0.000000e+00  0.000000e+00 -1.000000e+00
   outer loop
     vertex  2.103009e+02 -2.494219e+01  4.825000e+02
     vertex  1.945000e+02 -7.500000e+02  4.825000e+02
     vertex  2.096230e+02 -2.488674e+01  4.825000e+02
   endloop
 endfacet
 facet normal -0.000000e+00  0.000000e+00 -1.000000e+00
   outer loop
     vertex  2.109800e+02 -2.497918e+01  4.825000e+02
     vertex  1.945000e+02 -7.500000e+02  4.825000e+02
     vertex  2.103009e+02 -2.494219e+01  4.825000e+02
   endloop
 endfacet
 facet normal -0.000000e+00  0.000000e+00 -1.000000e+00
   outer loop
     vertex  2.116599e+02 -2.499769e+01  4.825000e+02
     vertex  1.945000e+02 -7.500000e+02  4.825000e+02
     vertex  2.109800e+02 -2.497918e+01  4.825000e+02
   endloop
 endfacet
 facet normal  0.000000e+00 -0.000000e+00 -1.000000e+00
   outer loop
     vertex  2.123401e+02 -2.499769e+01  4.825000e+02
     vertex  2.295000e+02 -7.500000e+02  4.825000e+02
     vertex  1.945000e+02 -7.500000e+02  4.825000e+02
   endloop
 endfacet
 facet normal -0.000000e+00  0.000000e+00 -1.000000e+00
   outer loop
     vertex  2.123401e+02 -2.499769e+01  4.825000e+02
     vertex  1.945000e+02 -7.500000e+02  4.825000e+02
     vertex  2.116599e+02 -2.499769e+01  4.825000e+02
   endloop
 endfacet
 facet normal  0.000000e+00 -0.000000e+00 -1.000000e+00
   outer loop
     vertex  2.130200e+02 -2.497918e+01  4.825000e+02
     vertex  2.295000e+02 -7.500000e+02  4.825000e+02
     vertex  2.123401e+02 -2.499769e+01  4.825000e+02
   endloop
 endfacet
 facet normal  0.000000e+00 -0.000000e+00 -1.000000e+00
   outer loop
     vertex  2.136991e+02 -2.494219e+01  4.825000e+02
     vertex  2.295000e+02 -7.500000e+02  4.825000e+02
     vertex  2.130200e+02 -2.497918e+01  4.825000e+02
   endloop
 endfacet
 facet normal  0.000000e+00 -0.000000e+00 -1.000000e+00
   outer loop
     vertex  2.143770e+02 -2.488674e+01  4.825000e+02
     vertex  2.295000e+02 -7.500000e+02  4.825000e+02
     vertex  2.136991e+02 -2.494219e+01  4.825000e+02
   endloop
 endfacet
 facet normal  0.000000e+00 -0.000000e+00 -1.000000e+00
   outer loop
     vertex  2.150531e+02 -2.481287e+01  4.825000e+02
     vertex  2.295000e+02 -7.500000e+02  4.825000e+02
     vertex  2.143770e+02 -2.488674e+01  4.825000e+02
   endloop
 endfacet
 facet normal  0.000000e+00 -0.000000e+00 -1.000000e+00
   outer loop
     vertex  2.157270e+02 -2.472063e+01  4.825000e+02
     vertex  2.295000e+02 -7.500000e+02  4.825000e+02
     vertex  2.150531e+02 -2.481287e+01  4.825000e+02
   endloop
 endfacet
 facet normal  0.000000e+00 -0.000000e+00 -1.000000e+00
   outer loop
     vertex  2.163981e+02 -2.461009e+01  4.825000e+02
     vertex  2.295000e+02 -7.500000e+02  4.825000e+02
     vertex  2.157270e+02 -2.472063e+01  4.825000e+02
   endloop
 endfacet
 facet normal  0.000000e+00 -0.000000e+00 -1.000000e+00
   outer loop
     vertex  2.170660e+02 -2.448134e+01  4.825000e+02
     vertex  2.295000e+02 -7.500000e+02  4.825000e+02
     vertex  2.163981e+02 -2.461009e+01  4.825000e+02
   endloop
 endfacet
 facet normal  0.000000e+00 -0.000000e+00 -1.000000e+00
   outer loop
     vertex  2.177301e+02 -2.433447e+01  4.825000e+02
     vertex  2.295000e+02 -7.500000e+02  4.825000e+02
     vertex  2.170660e+02 -2.448134e+01  4.825000e+02
   endloop
 endfacet
 facet normal  0.000000e+00 -0.000000e+00 -1.000000e+00
   outer loop
     vertex  2.183899e+02 -2.416958e+01  4.825000e+02
     vertex  2.295000e+02 -7.500000e+02  4.825000e+02
     vertex  2.177301e+02 -2.433447e+01  4.825000e+02
   endloop
 endfacet
 facet normal  0.000000e+00 -0.000000e+00 -1.000000e+00
   outer loop
     vertex  2.190451e+02 -2.398681e+01  4.825000e+02
     vertex  2.295000e+02 -7.500000e+02  4.825000e+02
     vertex  2.183899e+02 -2.416958e+01  4.825000e+02
   endloop
 endfacet
 facet normal  0.000000e+00 -0.000000e+00 -1.000000e+00
   outer loop
     vertex  2.196950e+02 -2.378628e+01  4.825000e+02
     vertex  2.295000e+02 -7.500000e+02  4.825000e+02
     vertex  2.190451e+02 -2.398681e+01  4.825000e+02
   endloop
 endfacet
 facet normal  0.000000e+00 -0.000000e+00 -1.000000e+00
   outer loop
     vertex  2.203392e+02 -2.356814e+01  4.825000e+02
     vertex  2.295000e+02 -7.500000e+02  4.825000e+02
     vertex  2.196950e+02 -2.378628e+01  4.825000e+02
   endloop
 endfacet
 facet normal  0.000000e+00 -0.000000e+00 -1.000000e+00
   outer loop
     vertex  2.209773e+02 -2.333257e+01  4.825000e+02
     vertex  2.295000e+02 -7.500000e+02  4.825000e+02
     vertex  2.203392e+02 -2.356814e+01  4.825000e+02
   endloop
 endfacet
 facet normal  0.000000e+00 -0.000000e+00 -1.000000e+00
   outer loop
     vertex  2.216087e+02 -2.307972e+01  4.825000e+02
     vertex  2.295000e+02 -7.500000e+02  4.825000e+02
     vertex  2.209773e+02 -2.333257e+01  4.825000e+02
   endloop
 endfacet
 facet normal  0.000000e+00 -0.000000e+00 -1.000000e+00
   outer loop
     vertex  2.222330e+02 -2.280978e+01  4.825000e+02
     vertex  2.295000e+02 -7.500000e+02  4.825000e+02
     vertex  2.216087e+02 -2.307972e+01  4.825000e+02
   endloop
 endfacet
 facet normal  0.000000e+00 -0.000000e+00 -1.000000e+00
   outer loop
     vertex  2.228497e+02 -2.252297e+01  4.825000e+02
     vertex  2.295000e+02 -7.500000e+02  4.825000e+02
     vertex  2.222330e+02 -2.280978e+01  4.825000e+02
   endloop
 endfacet
 facet normal  0.000000e+00 -0.000000e+00 -1.000000e+00
   outer loop
     vertex  2.234584e+02 -2.221948e+01  4.825000e+02
     vertex  2.295000e+02 -7.500000e+02  4.825000e+02
     vertex  2.228497e+02 -2.252297e+01  4.825000e+02
   endloop
 endfacet
 facet normal  0.000000e+00 -0.000000e+00 -1.000000e+00
   outer loop
     vertex  2.240586e+02 -2.189955e+01  4.825000e+02
     vertex  2.295000e+02 -7.500000e+02  4.825000e+02
     vertex  2.234584e+02 -2.221948e+01  4.825000e+02
   endloop
 endfacet
 facet normal  0.000000e+00 -0.000000e+00 -1.000000e+00
   outer loop
     vertex  2.246499e+02 -2.156341e+01  4.825000e+02
     vertex  2.295000e+02 -7.500000e+02  4.825000e+02
     vertex  2.240586e+02 -2.189955e+01  4.825000e+02
   endloop
 endfacet
 facet normal  0.000000e+00 -0.000000e+00 -1.000000e+00
   outer loop
     vertex  2.252318e+02 -2.121131e+01  4.825000e+02
     vertex  2.295000e+02 -7.500000e+02  4.825000e+02
     vertex  2.246499e+02 -2.156341e+01  4.825000e+02
   endloop
 endfacet
 facet normal  0.000000e+00 -0.000000e+00 -1.000000e+00
   outer loop
     vertex  2.258039e+02 -2.084351e+01  4.825000e+02
     vertex  2.295000e+02 -7.500000e+02  4.825000e+02
     vertex  2.252318e+02 -2.121131e+01  4.825000e+02
   endloop
 endfacet
 facet normal  0.000000e+00 -0.000000e+00 -1.000000e+00
   outer loop
     vertex  2.263658e+02 -2.046028e+01  4.825000e+02
     vertex  2.295000e+02 -7.500000e+02  4.825000e+02
     vertex  2.258039e+02 -2.084351e+01  4.825000e+02
   endloop
 endfacet
 facet normal  0.000000e+00 -0.000000e+00 -1.000000e+00
   outer loop
     vertex  2.269171e+02 -2.006190e+01  4.825000e+02
     vertex  2.295000e+02 -7.500000e+02  4.825000e+02
     vertex  2.263658e+02 -2.046028e+01  4.825000e+02
   endloop
 endfacet
 facet normal  0.000000e+00 -0.000000e+00 -1.000000e+00
   outer loop
     vertex  2.274573e+02 -1.964868e+01  4.825000e+02
     vertex  2.295000e+02 -7.500000e+02  4.825000e+02
     vertex  2.269171e+02 -2.006190e+01  4.825000e+02
   endloop
 endfacet
 facet normal  0.000000e+00 -0.000000e+00 -1.000000e+00
   outer loop
     vertex  2.279861e+02 -1.922091e+01  4.825000e+02
     vertex  2.295000e+02 -7.500000e+02  4.825000e+02
     vertex  2.274573e+02 -1.964868e+01  4.825000e+02
   endloop
 endfacet
 facet normal  0.000000e+00 -0.000000e+00 -1.000000e+00
   outer loop
     vertex  2.285031e+02 -1.877892e+01  4.825000e+02
     vertex  2.295000e+02 -7.500000e+02  4.825000e+02
     vertex  2.279861e+02 -1.922091e+01  4.825000e+02
   endloop
 endfacet
 facet normal  0.000000e+00 -0.000000e+00 -1.000000e+00
   outer loop
     vertex  2.290078e+02 -1.832303e+01  4.825000e+02
     vertex  2.295000e+02 -7.500000e+02  4.825000e+02
     vertex  2.285031e+02 -1.877892e+01  4.825000e+02
   endloop
 endfacet
 facet normal  0.000000e+00 -0.000000e+00 -1.000000e+00
   outer loop
     vertex  2.295000e+02 -1.785357e+01  4.825000e+02
     vertex  2.295000e+02 -7.500000e+02  4.825000e+02
     vertex  2.290078e+02 -1.832303e+01  4.825000e+02
   endloop
 endfacet
 facet normal  0.000000e+00  0.000000e+00  1.000000e+00
   outer loop
     vertex  1.945000e+02  7.500000e+02  5.060000e+02
     vertex -3.000000e+02  1.100000e+03  5.060000e+02
     vertex -3.000000e+02  4.000000e+02  5.060000e+02
   endloop
 endfacet
 facet normal  0.000000e+00  0.000000e+00  1.000000e+00
   outer loop
     vertex  1.945000e+02  7.500000e+02  5.060000e+02
     vertex -3.000000e+02  4.000000e+02  5.060000e+02
     vertex  1.945000e+02  4.000000e+02  5.060000e+02
   endloop
 endfacet
 facet normal  0.000000e+00  0.000000e+00  1.000000e+00
   outer loop
     vertex  2.295000e+02  7.500000e+02  5.060000e+02
     vertex  2.295000e+02  4.000000e+02  5.060000e+02
     vertex  4.300000e+02  4.000000e+02  5.060000e+02
   endloop
 endfacet
 facet normal  0.000000e+00  0.000000e+00  1.000000e+00
   outer loop
     vertex  4.300000e+02  1.100000e+03  5.060000e+02
     vertex  1.945000e+02  7.500000e+02  5.060000e+02
     vertex  2.295000e+02  7.500000e+02  5.060000e+02
   endloop
 endfacet
 facet normal  0.000000e+00  0.000000e+00  1.000000e+00
   outer loop
     vertex  4.300000e+02  1.100000e+03  5.060000e+02
     vertex -3.000000e+02  1.100000e+03  5.060000e+02
     vertex  1.945000e+02  7.500000e+02  5.060000e+02
   endloop
 endfacet
 facet normal  0.000000e+00  0.000000e+00  1.000000e+00
   outer loop
     vertex  4.300000e+02  1.100000e+03  5.060000e+02
     vertex  2.295000e+02  7.500000e+02  5.060000e+02
     vertex  4.300000e+02  4.000000e+02  5.060000e+02
   endloop
 endfacet
 facet normal  0.000000e+00 -1.000000e+00 -0.000000e+00
   outer loop
     vertex  4.300000e+02  4.000000e+02  5.060000e+02
     vertex  2.295000e+02  4.000000e+02  4.940000e+02
     vertex  4.300000e+02  4.000000e+02  4.940000e+02
   endloop
 endfacet
 facet normal -0.000000e+00 -1.000000e+00  0.000000e+00
   outer loop
     vertex  4.300000e+02  4.000000e+02  5.060000e+02
     vertex  2.295000e+02  4.000000e+02  5.060000e+02
     vertex  2.295000e+02  4.000000e+02  4.940000e+02
   endloop
 endfacet
 facet normal -0.000000e+00  0.000000e+00 -1.000000e+00
   outer loop
     vertex  1.945000e+02  7.500000e+02  4.940000e+02
     vertex -3.000000e+02  4.000000e+02  4.940000e+02
     vertex -3.000000e+02  1.100000e+03  4.940000e+02
   endloop
 endfacet
 facet normal  0.000000e+00 -0.000000e+00 -1.000000e+00
   outer loop
     vertex  1.945000e+02  7.500000e+02  4.940000e+02
     vertex  1.945000e+02  4.000000e+02  4.940000e+02
     vertex -3.000000e+02  4.000000e+02  4.940000e+02
   endloop
 endfacet
 facet normal  0.000000e+00  0.000000e+00 -1.000000e+00
   outer loop
     vertex  2.295000e+02  7.500000e+02  4.940000e+02
     vertex  4.300000e+02  4.000000e+02  4.940000e+02
     vertex  2.295000e+02  4.000000e+02  4.940000e+02
   endloop
 endfacet
 facet normal  0.000000e+00  0.000000e+00 -1.000000e+00
   outer loop
     vertex  4.300000e+02  1.100000e+03  4.940000e+02
     vertex  2.295000e+02  7.500000e+02  4.940000e+02
     vertex  1.945000e+02  7.500000e+02  4.940000e+02
   endloop
 endfacet
 facet normal -0.000000e+00  0.000000e+00 -1.000000e+00
   outer loop
     vertex  4.300000e+02  1.100000e+03  4.940000e+02
     vertex  1.945000e+02  7.500000e+02  4.940000e+02
     vertex -3.000000e+02  1.100000e+03  4.940000e+02
   endloop
 endfacet
 facet normal  0.000000e+00 -0.000000e+00 -1.000000e+00
   outer loop
     vertex  4.300000e+02  1.100000e+03  4.940000e+02
     vertex  4.300000e+02  4.000000e+02  4.940000e+02
     vertex  2.295000e+02  7.500000e+02  4.940000e+02
   endloop
 endfacet
 facet normal  0.000000e+00  1.000000e+00  0.000000e+00
   outer loop
     vertex  2.295000e+02  7.500000e+02  4.940000e+02
     vertex  2.295000e+02  7.500000e+02  4.825000e+02
     vertex  1.945000e+02  7.500000e+02  4.825000e+02
   endloop
 endfacet
 facet normal  0.000000e+00  1.000000e+00  0.000000e+00
   outer loop
     vertex  2.295000e+02  7.500000e+02  4.940000e+02
     vertex  1.945000e+02  7.500000e+02  4.825000e+02
     vertex  1.945000e+02  7.500000e+02  4.940000e+02
   endloop
 endfacet
 facet normal  0.000000e+00 -1.000000e+00 -0.000000e+00
   outer loop
     vertex  2.295000e+02 -7.500000e+02  4.940000e+02
     vertex  1.945000e+02 -7.500000e+02  4.825000e+02
     vertex  2.295000e+02 -7.500000e+02  4.825000e+02
   endloop
 endfacet
 facet normal -0.000000e+00 -1.000000e+00  0.000000e+00
   outer loop
     vertex  2.295000e+02 -7.500000e+02  4.940000e+02
     vertex  1.945000e+02 -7.500000e+02  4.940000e+02
     vertex  1.945000e+02 -7.500000e+02  4.825000e+02
   endloop
 endfacet
 facet normal -0.000000e+00  0.000000e+00 -1.000000e+00
   outer loop
     vertex  1.945000e+02 -7.500000e+02  4.940000e+02
     vertex -3.000000e+02 -1.100000e+03  4.940000e+02
     vertex -3.000000e+02 -4.000000e+02  4.940000e+02
   endloop
 endfacet
 facet normal  0.000000e+00 -0.000000e+00 -1.000000e+00
   outer loop
     vertex  1.945000e+02 -7.500000e+02  4.940000e+02
     vertex  4.300000e+02 -1.100000e+03  4.940000e+02
     vertex -3.000000e+02 -1.100000e+03  4.940000e+02
   endloop
 endfacet
 facet normal -0.000000e+00 -0.000000e+00 -1.000000e+00
   outer loop
     vertex  2.295000e+02 -7.500000e+02  4.940000e+02
     vertex  4.300000e+02 -1.100000e+03  4.940000e+02
     vertex  1.945000e+02 -7.500000e+02  4.940000e+02
   endloop
 endfacet
 facet normal -0.000000e+00 -0.000000e+00 -1.000000e+00
   outer loop
     vertex  1.945000e+02 -4.000000e+02  4.940000e+02
     vertex  1.945000e+02 -7.500000e+02  4.940000e+02
     vertex -3.000000e+02 -4.000000e+02  4.940000e+02
   endloop
 endfacet
 facet normal -0.000000e+00  0.000000e+00 -1.000000e+00
   outer loop
     vertex  4.300000e+02 -4.000000e+02  4.940000e+02
     vertex  2.295000e+02 -7.500000e+02  4.940000e+02
     vertex  2.295000e+02 -4.000000e+02  4.940000e+02
   endloop
 endfacet
 facet normal  0.000000e+00 -0.000000e+00 -1.000000e+00
   outer loop
     vertex  4.300000e+02 -4.000000e+02  4.940000e+02
     vertex  4.300000e+02 -1.100000e+03  4.940000e+02
     vertex  2.295000e+02 -7.500000e+02  4.940000e+02
   endloop
 endfacet
 facet normal  0.000000e+00  1.000000e+00  0.000000e+00
   outer loop
     vertex  4.300000e+02 -4.000000e+02  5.060000e+02
     vertex  4.300000e+02 -4.000000e+02  4.940000e+02
     vertex  2.295000e+02 -4.000000e+02  4.940000e+02
   endloop
 endfacet
 facet normal  0.000000e+00  1.000000e+00  0.000000e+00
   outer loop
     vertex  4.300000e+02 -4.000000e+02  5.060000e+02
     vertex  2.295000e+02 -4.000000e+02  4.940000e+02
     vertex  2.295000e+02 -4.000000e+02  5.060000e+02
   endloop
 endfacet
 facet normal  0.000000e+00  0.000000e+00  1.000000e+00
   outer loop
     vertex  1.945000e+02 -7.500000e+02  5.060000e+02
     vertex -3.000000e+02 -4.000000e+02  5.060000e+02
     vertex -3.000000e+02 -1.100000e+03  5.060000e+02
   endloop
 endfacet
 facet normal  0.000000e+00  0.000000e+00  1.000000e+00
   outer loop
     vertex  1.945000e+02 -7.500000e+02  5.060000e+02
     vertex -3.000000e+02 -1.100000e+03  5.060000e+02
     vertex  4.300000e+02 -1.100000e+03  5.060000e+02
   endloop
 endfacet
 facet normal  0.000000e+00  0.000000e+00  1.000000e+00
   outer loop
     vertex  2.295000e+02 -7.500000e+02  5.060000e+02
     vertex  1.945000e+02 -7.500000e+02  5.060000e+02
     vertex  4.300000e+02 -1.100000e+03  5.060000e+02
   endloop
 endfacet
 facet normal  0.000000e+00  0.000000e+00  1.000000e+00
   outer loop
     vertex  1.945000e+02 -4.000000e+02  5.060000e+02
     vertex -3.000000e+02 -4.000000e+02  5.060000e+02
     vertex  1.945000e+02 -7.500000e+02  5.060000e+02
   endloop
 endfacet
 facet normal  0.000000e+00  0.000000e+00  1.000000e+00
   outer loop
     vertex  4.300000e+02 -4.000000e+02  5.060000e+02
     vertex  2.295000e+02 -4.000000e+02  5.060000e+02
     vertex  2.295000e+02 -7.500000e+02  5.060000e+02
   endloop
 endfacet
 facet normal  0.000000e+00  0.000000e+00  1.000000e+00
   outer loop
     vertex  4.300000e+02 -4.000000e+02  5.060000e+02
     vertex  2.295000e+02 -7.500000e+02  5.060000e+02
     vertex  4.300000e+02 -1.100000e+03  5.060000e+02
   endloop
 endfacet
 facet normal  0.000000e+00 -1.000000e+00 -0.000000e+00
   outer loop
     vertex  2.295000e+02 -7.500000e+02  5.175000e+02
     vertex  1.945000e+02 -7.500000e+02  5.060000e+02
     vertex  2.295000e+02 -7.500000e+02  5.060000e+02
   endloop
 endfacet
 facet normal -0.000000e+00 -1.000000e+00  0.000000e+00
   outer loop
     vertex  2.295000e+02 -7.500000e+02  5.175000e+02
     vertex  1.945000e+02 -7.500000e+02  5.175000e+02
     vertex  1.945000e+02 -7.500000e+02  5.060000e+02
   endloop
 endfacet
 facet normal  0.000000e+00  0.000000e+00  1.000000e+00
   outer loop
     vertex  2.295000e+02  7.500000e+02  5.175000e+02
     vertex  1.945000e+02  7.500000e+02  5.175000e+02
     vertex  1.945000e+02 -7.500000e+02  5.175000e+02
   endloop
 endfacet
 facet normal  0.000000e+00  0.000000e+00  1.000000e+00
   outer loop
     vertex  2.295000e+02  7.500000e+02  5.175000e+02
     vertex  1.945000e+02 -7.500000e+02  5.175000e+02
     vertex  2.295000e+02 -7.500000e+02  5.175000e+02
   endloop
 endfacet
 facet normal  0.000000e+00  1.000000e+00  0.000000e+00
   outer loop
     vertex  2.295000e+02  7.500000e+02  5.175000e+02
     vertex  2.295000e+02  7.500000e+02  5.060000e+02
     vertex  1.945000e+02  7.500000e+02  5.060000e+02
   endloop
 endfacet
 facet normal  0.000000e+00  1.000000e+00  0.000000e+00
   outer loop
     vertex  2.295000e+02  7.500000e+02  5.175000e+02
     vertex  1.945000e+02  7.500000e+02  5.060000e+02
     vertex  1.945000e+02  7.500000e+02  5.175000e+02
   endloop
 endfacet
 facet normal  0.000000e+00 -1.000000e+00 -0.000000e+00
   outer loop
     vertex  1.945000e+02  4.000000e+02  5.060000e+02
     vertex -3.000000e+02  4.000000e+02  4.940000e+02
     vertex  1.945000e+02  4.000000e+02  4.940000e+02
   endloop
 endfacet
 facet normal -0.000000e+00 -1.000000e+00  0.000000e+00
   outer loop
     vertex  1.945000e+02  4.000000e+02  5.060000e+02
     vertex -3.000000e+02  4.000000e+02  5.060000e+02
     vertex -3.000000e+02  4.000000e+02  4.940000e+02
   endloop
 endfacet
 facet normal  0.000000e+00  1.000000e+00  0.000000e+00
   outer loop
     vertex  1.945000e+02 -4.000000e+02  5.060000e+02
     vertex  1.945000e+02 -4.000000e+02  4.940000e+02
     vertex -3.000000e+02 -4.000000e+02  4.940000e+02
   endloop
 endfacet
 facet normal  0.000000e+00  1.000000e+00  0.000000e+00
   outer loop
     vertex  1.945000e+02 -4.000000e+02  5.060000e+02
     vertex -3.000000e+02 -4.000000e+02  4.940000e+02
     vertex -3.000000e+02 -4.000000e+02  5.060000e+02
   endloop
 endfacet
 facet normal  0.000000e+00  1.000000e+00  0.000000e+00
   outer loop
     vertex  4.300000e+02  1.100000e+03  5.060000e+02
     vertex  4.300000e+02  1.100000e+03  4.940000e+02
     vertex -3.000000e+02  1.100000e+03  4.940000e+02
   endloop
 endfacet
 facet normal  0.000000e+00  1.000000e+00  0.000000e+00
   outer loop
     vertex  4.300000e+02  1.100000e+03  5.060000e+02
     vertex -3.000000e+02  1.100000e+03  4.940000e+02
     vertex -3.000000e+02  1.100000e+03  5.060000e+02
   endloop
 endfacet
 facet normal  1.000000e+00  0.000000e+00  0.000000e+00
   outer loop
     vertex  4.300000e+02  4.000000e+02  4.940000e+02
     vertex  4.300000e+02  1.100000e+03  4.940000e+02
     vertex  4.300000e+02  1.100000e+03  5.060000e+02
   endloop
 endfacet
 facet normal  1.000000e+00 -0.000000e+00  0.000000e+00
   outer loop
     vertex  4.300000e+02  4.000000e+02  5.060000e+02
     vertex  4.300000e+02  4.000000e+02  4.940000e+02
     vertex  4.300000e+02  1.100000e+03  5.060000e+02
   endloop
 endfacet
 facet normal -1.000000e+00  0.000000e+00  0.000000e+00
   outer loop
     vertex -3.000000e+02  4.000000e+02  4.940000e+02
     vertex -3.000000e+02  1.100000e+03  5.060000e+02
     vertex -3.000000e+02  1.100000e+03  4.940000e+02
   endloop
 endfacet
 facet normal -1.000000e+00  0.000000e+00  0.000000e+00
   outer loop
     vertex -3.000000e+02  4.000000e+02  5.060000e+02
     vertex -3.000000e+02  1.100000e+03  5.060000e+02
     vertex -3.000000e+02  4.000000e+02  4.940000e+02
   endloop
 endfacet
 facet normal  1.000000e+00  0.000000e+00  0.000000e+00
   outer loop
     vertex  4.300000e+02 -1.100000e+03  4.940000e+02
     vertex  4.300000e+02 -4.000000e+02  4.940000e+02
     vertex  4.300000e+02 -4.000000e+02  5.060000e+02
   endloop
 endfacet
 facet normal  1.000000e+00 -0.000000e+00  0.000000e+00
   outer loop
     vertex  4.300000e+02 -1.100000e+03  5.060000e+02
     vertex  4.300000e+02 -1.100000e+03  4.940000e+02
     vertex  4.300000e+02 -4.000000e+02  5.060000e+02
   endloop
 endfacet
 facet normal  0.000000e+00 -1.000000e+00 -0.000000e+00
   outer loop
     vertex  4.300000e+02 -1.100000e+03  5.060000e+02
     vertex -3.000000e+02 -1.100000e+03  4.940000e+02
     vertex  4.300000e+02 -1.100000e+03  4.940000e+02
   endloop
 endfacet
 facet normal -0.000000e+00 -1.000000e+00  0.000000e+00
   outer loop
     vertex  4.300000e+02 -1.100000e+03  5.060000e+02
     vertex -3.000000e+02 -1.100000e+03  5.060000e+02
     vertex -3.000000e+02 -1.100000e+03  4.940000e+02
   endloop
 endfacet
 facet normal -1.000000e+00  0.000000e+00  0.000000e+00
   outer loop
     vertex -3.000000e+02 -1.100000e+03  4.940000e+02
     vertex -3.000000e+02 -4.000000e+02  5.060000e+02
     vertex -3.000000e+02 -4.000000e+02  4.940000e+02
   endloop
 endfacet
 facet normal -1.000000e+00  0.000000e+00  0.000000e+00
   outer loop
     vertex -3.000000e+02 -1.100000e+03  5.060000e+02
     vertex -3.000000e+02 -4.000000e+02  5.060000e+02
     vertex -3.000000e+02 -1.100000e+03  4.940000e+02
   endloop
 endfacet
endsolid
